product_id,category,subcategory,supplier_id,unit_price,unit_cost,launch_date
P00001,Electronics,TV & Video,SUP025,58.86,45.78,2023-02-09
P00002,Electronics,Audio,SUP003,317.35,263.77,2025-08-18
P00003,Electronics,Accessories,SUP017,838.99,670.75,2024-04-18
P00004,Electronics,Mobile,SUP003,392.17,293.87,2023-03-01
P00005,Electronics,Computing,SUP032,236.18,168.93,2025-10-13
P00006,Electronics,Mobile,SUP009,443.23,324.97,2022-08-31
P00007,Electronics,Computing,SUP004,164.43,135.21,2021-07-01
P00008,Electronics,Computing,SUP009,358.38,267.62,2023-09-10
P00009,Electronics,Mobile,SUP024,132.14,95.72,2025-09-17
P00010,Electronics,Accessories,SUP019,48.82,36.24,2025-11-18
P00011,Electronics,Computing,SUP038,68.71,61.05,2021-03-09
P00012,Electronics,Computing,SUP022,273.4,224.82,2023-03-16
P00013,Electronics,Computing,SUP030,62.72,52.27,2023-10-30
P00014,Electronics,TV & Video,SUP027,331.52,246.68,2022-10-02
P00015,Electronics,Mobile,SUP011,839.31,655.53,2023-03-09
P00016,Electronics,Computing,SUP024,58.98,47.35,2023-10-23
P00017,Electronics,Mobile,SUP015,1052.48,840.94,2022-06-09
P00018,Electronics,TV & Video,SUP009,84.73,68.41,2021-10-23
P00019,Electronics,Mobile,SUP003,73.21,56.69,2022-01-18
P00020,Electronics,Audio,SUP034,89.33,68.82,2021-04-28
P00021,Electronics,Audio,SUP039,350.43,292.54,2021-04-25
P00022,Electronics,TV & Video,SUP029,206.33,156.17,2025-08-31
P00023,Electronics,Computing,SUP017,1130.42,828.27,2024-07-07
P00024,Electronics,Audio,SUP038,83.47,63.93,2023-12-14
P00025,Electronics,Audio,SUP001,731.98,551.43,2023-01-29
P00026,Electronics,Computing,SUP006,184.32,132.11,2022-03-24
P00027,Electronics,Mobile,SUP034,399.18,321.52,2025-05-06
P00028,Electronics,Mobile,SUP037,575.8,472.29,2022-04-08
P00029,Electronics,Mobile,SUP017,956.95,750.57,2025-09-07
P00030,Electronics,Mobile,SUP009,1173.2,895.9,2023-09-20
P00031,Electronics,Mobile,SUP003,61.45,47.81,2023-11-24
P00032,Electronics,TV & Video,SUP007,157.88,126.46,2021-09-22
P00033,Electronics,TV & Video,SUP033,168.11,115.67,2022-09-22
P00034,Electronics,Mobile,SUP036,86.69,71.28,2025-02-23
P00035,Electronics,Audio,SUP020,278.03,206.2,2025-01-31
P00036,Electronics,Mobile,SUP009,1193.9,943.65,2023-11-24
P00037,Electronics,Accessories,SUP008,381.72,283.03,2021-11-29
P00038,Electronics,TV & Video,SUP029,180.02,127.78,2025-06-09
P00039,Electronics,Mobile,SUP019,425.64,335.39,2025-06-24
P00040,Electronics,Accessories,SUP012,289.56,238.08,2025-06-21
P00041,Electronics,TV & Video,SUP003,53.79,41.16,2022-08-28
P00042,Electronics,Computing,SUP015,274.64,214.35,2025-08-27
P00043,Electronics,Audio,SUP001,150.71,119.3,2025-02-09
P00044,Electronics,Computing,SUP019,57.8,39.72,2024-05-12
P00045,Electronics,TV & Video,SUP020,353.37,258.33,2023-03-16
P00046,Electronics,Accessories,SUP037,858.67,640.36,2023-05-22
P00047,Electronics,Audio,SUP014,90.96,72.3,2021-07-31
P00048,Electronics,Computing,SUP002,318.57,264.46,2021-08-08
P00049,Electronics,Computing,SUP022,284.17,196.58,2025-06-19
P00050,Electronics,Audio,SUP014,121.11,92.27,2025-11-26
P00051,Electronics,Accessories,SUP038,187.07,138.31,2022-05-25
P00052,Electronics,Mobile,SUP029,436.99,319.55,2025-09-10
P00053,Electronics,Mobile,SUP028,689.16,552.55,2021-02-07
P00054,Electronics,Accessories,SUP016,164.99,128.17,2024-03-23
P00055,Electronics,Audio,SUP003,266.07,208.56,2025-07-05
P00056,Electronics,Computing,SUP034,369.95,314.69,2023-11-07
P00057,Electronics,TV & Video,SUP022,360.57,284.88,2025-09-01
P00058,Electronics,Mobile,SUP012,161.66,121.67,2022-08-18
P00059,Electronics,Accessories,SUP017,218.62,174.82,2022-06-21
P00060,Electronics,Accessories,SUP009,51.91,41.38,2025-02-14
P00061,Electronics,Computing,SUP003,644.01,491.62,2022-11-10
P00062,Electronics,Computing,SUP022,488.88,405.54,2024-10-23
P00063,Electronics,Accessories,SUP003,250.32,198.86,2025-08-18
P00064,Electronics,Accessories,SUP039,558.11,446.36,2021-10-07
P00065,Electronics,Mobile,SUP030,187.23,146.24,2025-05-25
P00066,Electronics,TV & Video,SUP030,456.33,321.85,2023-05-19
P00067,Electronics,TV & Video,SUP031,116.63,92.58,2022-06-21
P00068,Electronics,TV & Video,SUP022,923.53,721.1,2025-10-13
P00069,Electronics,Computing,SUP002,58.77,47.98,2023-11-17
P00070,Electronics,Accessories,SUP012,191.01,139.79,2024-03-15
P00071,Electronics,Computing,SUP021,472.12,370.67,2025-04-12
P00072,Electronics,TV & Video,SUP007,238.36,172.79,2021-08-17
P00073,Electronics,Computing,SUP010,63.22,50.66,2022-04-18
P00074,Electronics,TV & Video,SUP019,155.08,108.15,2022-05-24
P00075,Electronics,Accessories,SUP005,172.86,141.4,2024-12-03
P00076,Electronics,Computing,SUP008,257.72,187.97,2021-12-29
P00077,Electronics,Computing,SUP016,331.35,246.72,2021-06-14
P00078,Electronics,Computing,SUP014,104.2,73.96,2024-09-19
P00079,Electronics,Computing,SUP031,128.83,86.33,2022-10-12
P00080,Electronics,Accessories,SUP036,264.69,192.48,2021-10-02
P00081,Electronics,TV & Video,SUP031,132.69,95.07,2021-09-13
P00082,Electronics,TV & Video,SUP018,219.7,182.82,2025-11-17
P00083,Electronics,Computing,SUP014,349.05,259.22,2021-10-18
P00084,Electronics,Audio,SUP026,367.29,281.39,2024-11-07
P00085,Electronics,Computing,SUP009,98.5,77.64,2022-06-10
P00086,Electronics,Mobile,SUP024,101.07,76.05,2021-05-10
P00087,Electronics,Accessories,SUP026,856.84,619.77,2022-12-08
P00088,Electronics,Audio,SUP034,173.25,138.53,2024-08-17
P00089,Electronics,TV & Video,SUP010,184.91,142.33,2022-12-23
P00090,Electronics,Audio,SUP008,388.8,287.59,2022-02-26
P00091,Electronics,Audio,SUP004,718.64,585.32,2025-03-18
P00092,Electronics,TV & Video,SUP011,71.56,60.89,2025-06-19
P00093,Electronics,Computing,SUP006,102.76,78.23,2025-02-26
P00094,Electronics,Computing,SUP012,72.38,54.87,2024-05-27
P00095,Electronics,TV & Video,SUP003,77.06,58.62,2025-11-17
P00096,Electronics,Mobile,SUP031,81.29,59.0,2025-02-26
P00097,Electronics,Accessories,SUP001,404.94,296.65,2024-09-23
P00098,Electronics,Computing,SUP038,61.5,50.99,2025-10-21
P00099,Electronics,Accessories,SUP014,976.29,700.24,2025-02-18
P00100,Electronics,TV & Video,SUP037,363.9,265.72,2023-07-05
P00101,Electronics,Audio,SUP017,644.04,476.12,2022-11-18
P00102,Electronics,Audio,SUP009,118.36,101.6,2022-07-30
P00103,Electronics,Mobile,SUP035,1041.26,778.11,2025-02-05
P00104,Electronics,Accessories,SUP039,722.29,594.09,2025-07-19
P00105,Electronics,Audio,SUP040,78.22,64.55,2023-01-15
P00106,Electronics,TV & Video,SUP039,192.85,149.4,2021-11-18
P00107,Electronics,Audio,SUP007,53.17,38.76,2021-04-02
P00108,Electronics,Mobile,SUP033,558.38,429.75,2024-02-24
P00109,Electronics,TV & Video,SUP019,304.47,227.17,2024-12-24
P00110,Electronics,TV & Video,SUP040,514.39,410.43,2021-04-19
P00111,Electronics,Audio,SUP024,859.22,697.46,2025-05-15
P00112,Electronics,Mobile,SUP040,1016.0,780.06,2021-04-21
P00113,Electronics,Mobile,SUP025,223.07,170.14,2022-12-05
P00114,Electronics,TV & Video,SUP012,364.66,291.08,2022-01-11
P00115,Electronics,Computing,SUP021,295.49,240.59,2023-11-17
P00116,Electronics,Computing,SUP038,138.35,115.87,2025-02-21
P00117,Electronics,Mobile,SUP020,170.62,138.17,2022-07-23
P00118,Electronics,Accessories,SUP026,432.49,336.55,2022-06-13
P00119,Electronics,Audio,SUP027,298.09,244.15,2024-12-21
P00120,Electronics,Accessories,SUP039,89.49,71.48,2025-11-15
P00121,Electronics,Mobile,SUP014,76.88,64.0,2023-09-23
P00122,Electronics,Computing,SUP022,157.34,135.18,2024-01-16
P00123,Electronics,Audio,SUP034,754.39,585.07,2021-10-31
P00124,Electronics,Mobile,SUP019,53.25,39.19,2025-02-05
P00125,Electronics,Accessories,SUP011,51.35,38.8,2022-01-15
P00126,Electronics,Computing,SUP036,315.14,247.41,2024-01-08
P00127,Electronics,TV & Video,SUP027,1168.96,877.7,2023-08-18
P00128,Electronics,Computing,SUP003,953.5,734.87,2023-08-19
P00129,Electronics,Audio,SUP001,251.5,196.98,2024-11-28
P00130,Electronics,Audio,SUP001,121.28,87.15,2023-11-12
P00131,Electronics,TV & Video,SUP025,64.91,50.83,2023-07-04
P00132,Electronics,Accessories,SUP032,512.97,409.13,2025-01-29
P00133,Electronics,Computing,SUP030,111.96,90.39,2023-07-20
P00134,Electronics,Computing,SUP030,97.24,70.25,2023-06-11
P00135,Electronics,Accessories,SUP016,108.63,81.83,2022-10-15
P00136,Electronics,TV & Video,SUP038,220.55,166.16,2024-11-04
P00137,Electronics,Mobile,SUP023,981.48,816.57,2022-03-31
P00138,Electronics,Computing,SUP029,293.49,219.07,2024-07-04
P00139,Electronics,Accessories,SUP020,76.58,62.96,2025-08-15
P00140,Electronics,TV & Video,SUP035,144.24,110.84,2021-04-28
P00141,Electronics,Computing,SUP024,519.38,404.08,2025-01-18
P00142,Electronics,Computing,SUP035,611.98,464.34,2025-05-02
P00143,Electronics,TV & Video,SUP024,129.43,102.63,2022-08-12
P00144,Electronics,Audio,SUP014,72.65,54.41,2024-08-12
P00145,Electronics,Computing,SUP029,674.87,509.78,2024-08-07
P00146,Electronics,Audio,SUP019,209.37,159.67,2025-02-25
P00147,Electronics,Mobile,SUP012,45.75,35.58,2022-08-25
P00148,Electronics,Mobile,SUP037,62.13,48.65,2022-12-06
P00149,Electronics,Accessories,SUP016,411.58,309.65,2025-04-12
P00150,Electronics,Mobile,SUP029,111.06,86.13,2021-08-24
P00151,Electronics,Mobile,SUP022,203.93,167.8,2023-01-26
P00152,Electronics,Computing,SUP014,334.62,286.28,2022-11-25
P00153,Electronics,Accessories,SUP001,221.56,158.64,2021-11-24
P00154,Electronics,Audio,SUP024,82.5,60.24,2023-08-01
P00155,Electronics,Computing,SUP039,613.44,455.87,2021-07-13
P00156,Electronics,Mobile,SUP032,248.26,197.89,2022-01-19
P00157,Electronics,TV & Video,SUP020,122.65,94.25,2022-08-20
P00158,Electronics,TV & Video,SUP016,65.52,55.25,2024-03-27
P00159,Electronics,Mobile,SUP009,147.74,116.42,2023-12-01
P00160,Electronics,Accessories,SUP011,126.74,93.53,2021-02-10
P00161,Electronics,Audio,SUP036,151.58,123.25,2023-08-07
P00162,Electronics,Audio,SUP023,626.14,435.41,2024-05-05
P00163,Electronics,Mobile,SUP026,87.87,73.77,2024-08-10
P00164,Electronics,Audio,SUP024,95.41,72.59,2022-09-04
P00165,Electronics,TV & Video,SUP036,120.13,92.05,2025-02-04
P00166,Electronics,Computing,SUP034,1023.68,784.79,2023-04-19
P00167,Electronics,Mobile,SUP033,396.05,298.06,2023-06-24
P00168,Electronics,Mobile,SUP003,245.24,200.18,2025-08-09
P00169,Electronics,Mobile,SUP034,550.67,451.96,2022-11-09
P00170,Electronics,Audio,SUP024,128.22,95.19,2021-12-16
P00171,Electronics,TV & Video,SUP031,265.33,219.85,2025-06-18
P00172,Electronics,Mobile,SUP023,693.57,517.24,2023-10-10
P00173,Electronics,Audio,SUP001,756.29,580.45,2024-10-08
P00174,Electronics,Mobile,SUP025,880.33,614.09,2022-09-24
P00175,Electronics,Mobile,SUP007,639.58,528.09,2024-01-09
P00176,Electronics,Mobile,SUP012,194.36,155.0,2024-04-18
P00177,Electronics,Mobile,SUP017,94.11,64.96,2023-06-19
P00178,Electronics,Audio,SUP024,63.33,50.4,2021-02-20
P00179,Electronics,Computing,SUP022,47.01,32.87,2023-03-01
P00180,Electronics,TV & Video,SUP005,528.49,467.62,2021-07-16
P00181,Electronics,Computing,SUP022,99.28,78.38,2025-03-05
P00182,Electronics,Audio,SUP010,480.75,370.44,2021-05-21
P00183,Electronics,TV & Video,SUP018,368.37,270.94,2023-08-17
P00184,Electronics,Accessories,SUP014,591.18,436.01,2025-08-21
P00185,Electronics,TV & Video,SUP013,765.81,648.49,2025-08-15
P00186,Electronics,Audio,SUP021,149.71,110.16,2021-09-16
P00187,Electronics,Computing,SUP015,178.3,132.47,2022-09-02
P00188,Electronics,Audio,SUP019,137.43,108.75,2022-04-05
P00189,Electronics,TV & Video,SUP004,439.6,348.58,2022-03-08
P00190,Electronics,Accessories,SUP025,109.8,84.74,2021-09-17
P00191,Electronics,TV & Video,SUP036,110.13,96.12,2022-03-06
P00192,Electronics,Accessories,SUP001,365.56,292.82,2021-02-11
P00193,Electronics,Mobile,SUP007,81.49,69.13,2024-10-22
P00194,Electronics,Audio,SUP024,492.29,369.24,2021-03-26
P00195,Electronics,TV & Video,SUP012,400.41,325.4,2022-01-24
P00196,Electronics,Computing,SUP029,825.82,632.7,2025-03-16
P00197,Electronics,TV & Video,SUP001,109.84,88.88,2024-05-21
P00198,Electronics,Accessories,SUP012,292.99,243.98,2025-02-15
P00199,Electronics,Audio,SUP007,474.5,382.13,2024-10-02
P00200,Electronics,Audio,SUP003,45.96,35.31,2025-07-27
P00201,Electronics,Audio,SUP030,395.79,318.85,2021-08-17
P00202,Electronics,Accessories,SUP030,857.57,730.95,2025-05-08
P00203,Electronics,Computing,SUP013,1132.93,908.0,2023-07-06
P00204,Electronics,TV & Video,SUP039,350.82,270.31,2021-03-09
P00205,Electronics,Audio,SUP018,394.47,330.64,2023-08-22
P00206,Electronics,Audio,SUP038,396.91,298.11,2023-04-14
P00207,Electronics,Audio,SUP040,125.99,103.56,2022-07-27
P00208,Electronics,TV & Video,SUP027,186.38,132.12,2022-01-11
P00209,Electronics,Computing,SUP007,523.31,388.83,2024-03-16
P00210,Electronics,TV & Video,SUP024,472.66,366.98,2024-11-16
P00211,Electronics,TV & Video,SUP008,270.41,213.29,2025-04-24
P00212,Electronics,Accessories,SUP036,115.0,93.82,2021-04-19
P00213,Electronics,Computing,SUP002,64.23,47.74,2025-02-14
P00214,Electronics,Mobile,SUP014,374.13,282.99,2022-11-18
P00215,Electronics,Accessories,SUP007,109.87,94.66,2021-07-06
P00216,Electronics,Accessories,SUP026,975.1,766.14,2024-01-20
P00217,Electronics,TV & Video,SUP026,122.35,90.82,2024-01-10
P00218,Electronics,Mobile,SUP008,84.72,64.16,2021-11-16
P00219,Electronics,Audio,SUP033,154.4,106.74,2023-02-14
P00220,Electronics,Audio,SUP017,217.39,165.32,2021-05-25
P00221,Home & Kitchen,Bedding,SUP005,134.05,81.86,2024-01-06
P00222,Home & Kitchen,Cookware,SUP037,52.54,31.7,2022-12-04
P00223,Home & Kitchen,Decor,SUP032,47.95,29.56,2022-02-16
P00224,Home & Kitchen,Cookware,SUP016,218.58,137.36,2025-10-16
P00225,Home & Kitchen,Decor,SUP018,120.23,88.3,2022-03-19
P00226,Home & Kitchen,Small Appliances,SUP018,13.72,9.45,2024-09-17
P00227,Home & Kitchen,Storage,SUP039,23.84,14.85,2021-09-23
P00228,Home & Kitchen,Bedding,SUP030,77.04,48.89,2023-10-18
P00229,Home & Kitchen,Storage,SUP015,240.75,146.42,2023-08-15
P00230,Home & Kitchen,Bedding,SUP012,258.49,155.05,2025-10-28
P00231,Home & Kitchen,Decor,SUP032,272.58,160.74,2024-02-08
P00232,Home & Kitchen,Storage,SUP013,89.3,58.2,2022-04-27
P00233,Home & Kitchen,Cookware,SUP020,69.07,44.86,2024-02-07
P00234,Home & Kitchen,Small Appliances,SUP016,57.06,31.49,2022-05-23
P00235,Home & Kitchen,Storage,SUP002,130.66,86.55,2021-07-14
P00236,Home & Kitchen,Cookware,SUP022,129.24,89.27,2025-02-07
P00237,Home & Kitchen,Small Appliances,SUP036,97.01,61.64,2021-07-16
P00238,Home & Kitchen,Cookware,SUP022,181.14,112.3,2023-04-16
P00239,Home & Kitchen,Decor,SUP022,13.48,7.88,2024-12-12
P00240,Home & Kitchen,Small Appliances,SUP005,38.47,25.45,2023-10-31
P00241,Home & Kitchen,Storage,SUP017,70.67,44.9,2025-03-02
P00242,Home & Kitchen,Cookware,SUP038,129.54,71.89,2023-10-31
P00243,Home & Kitchen,Bedding,SUP030,119.43,73.34,2022-08-03
P00244,Home & Kitchen,Cookware,SUP023,199.9,118.64,2023-09-05
P00245,Home & Kitchen,Storage,SUP011,63.6,40.64,2025-10-27
P00246,Home & Kitchen,Bedding,SUP015,35.24,21.67,2022-09-08
P00247,Home & Kitchen,Bedding,SUP002,154.77,95.35,2024-08-29
P00248,Home & Kitchen,Bedding,SUP025,18.33,11.7,2025-05-30
P00249,Home & Kitchen,Small Appliances,SUP040,156.12,94.57,2025-09-11
P00250,Home & Kitchen,Small Appliances,SUP005,46.35,30.46,2024-12-31
P00251,Home & Kitchen,Bedding,SUP032,206.57,124.09,2025-01-16
P00252,Home & Kitchen,Decor,SUP029,182.32,116.85,2023-05-16
P00253,Home & Kitchen,Small Appliances,SUP025,39.49,24.64,2022-07-07
P00254,Home & Kitchen,Storage,SUP029,15.99,8.73,2023-08-27
P00255,Home & Kitchen,Small Appliances,SUP021,219.49,128.27,2021-09-03
P00256,Home & Kitchen,Decor,SUP021,190.85,116.32,2023-08-15
P00257,Home & Kitchen,Cookware,SUP035,36.37,20.9,2023-11-13
P00258,Home & Kitchen,Cookware,SUP008,33.43,21.46,2023-08-30
P00259,Home & Kitchen,Storage,SUP004,175.0,108.46,2025-06-25
P00260,Home & Kitchen,Storage,SUP036,21.84,14.43,2023-02-21
P00261,Home & Kitchen,Cookware,SUP017,39.61,25.65,2024-05-21
P00262,Home & Kitchen,Small Appliances,SUP001,79.47,47.78,2023-10-13
P00263,Home & Kitchen,Small Appliances,SUP034,13.17,7.69,2025-06-27
P00264,Home & Kitchen,Bedding,SUP028,15.28,9.86,2025-06-13
P00265,Home & Kitchen,Storage,SUP008,21.44,14.95,2021-09-05
P00266,Home & Kitchen,Cookware,SUP037,16.69,9.94,2023-09-20
P00267,Home & Kitchen,Small Appliances,SUP021,12.37,8.32,2022-09-20
P00268,Home & Kitchen,Cookware,SUP032,41.5,24.76,2021-10-27
P00269,Home & Kitchen,Storage,SUP017,12.94,8.14,2022-01-27
P00270,Home & Kitchen,Cookware,SUP004,18.03,10.49,2022-08-04
P00271,Home & Kitchen,Small Appliances,SUP025,47.5,30.55,2025-10-23
P00272,Home & Kitchen,Storage,SUP027,262.13,168.44,2024-05-08
P00273,Home & Kitchen,Bedding,SUP034,21.83,13.68,2022-03-26
P00274,Home & Kitchen,Cookware,SUP022,17.65,10.87,2024-09-06
P00275,Home & Kitchen,Bedding,SUP026,43.23,29.07,2021-02-17
P00276,Home & Kitchen,Bedding,SUP009,17.23,10.99,2023-07-09
P00277,Home & Kitchen,Cookware,SUP021,26.45,17.55,2024-05-27
P00278,Home & Kitchen,Cookware,SUP003,135.09,92.25,2021-09-15
P00279,Home & Kitchen,Storage,SUP013,94.62,58.83,2025-01-13
P00280,Home & Kitchen,Bedding,SUP008,15.29,9.16,2022-11-02
P00281,Home & Kitchen,Decor,SUP012,76.87,53.63,2023-10-07
P00282,Home & Kitchen,Bedding,SUP036,214.16,130.75,2025-04-14
P00283,Home & Kitchen,Storage,SUP030,187.04,115.34,2022-03-27
P00284,Home & Kitchen,Decor,SUP015,20.16,12.22,2023-05-07
P00285,Home & Kitchen,Bedding,SUP039,21.85,12.43,2023-05-23
P00286,Home & Kitchen,Storage,SUP021,23.7,15.67,2023-10-25
P00287,Home & Kitchen,Bedding,SUP021,20.8,13.73,2023-07-22
P00288,Home & Kitchen,Storage,SUP018,79.33,51.96,2023-11-11
P00289,Home & Kitchen,Cookware,SUP003,163.55,92.38,2024-02-05
P00290,Home & Kitchen,Bedding,SUP016,157.09,96.17,2021-03-11
P00291,Home & Kitchen,Small Appliances,SUP037,23.56,13.95,2021-09-04
P00292,Home & Kitchen,Storage,SUP008,13.64,8.38,2022-12-29
P00293,Home & Kitchen,Small Appliances,SUP009,14.65,8.49,2022-07-25
P00294,Home & Kitchen,Storage,SUP006,64.93,40.1,2021-03-21
P00295,Home & Kitchen,Bedding,SUP013,41.3,24.81,2023-04-24
P00296,Home & Kitchen,Small Appliances,SUP033,18.46,10.91,2021-07-22
P00297,Home & Kitchen,Storage,SUP022,77.68,48.89,2023-11-12
P00298,Home & Kitchen,Small Appliances,SUP001,13.26,7.49,2021-07-04
P00299,Home & Kitchen,Cookware,SUP018,21.63,14.87,2023-08-13
P00300,Home & Kitchen,Decor,SUP006,56.0,32.72,2025-05-19
P00301,Home & Kitchen,Small Appliances,SUP031,92.89,59.15,2022-07-29
P00302,Home & Kitchen,Bedding,SUP037,98.01,64.9,2024-09-06
P00303,Home & Kitchen,Decor,SUP011,146.89,93.65,2022-06-22
P00304,Home & Kitchen,Cookware,SUP019,20.08,11.75,2025-04-29
P00305,Home & Kitchen,Cookware,SUP023,115.83,78.05,2022-01-27
P00306,Home & Kitchen,Bedding,SUP007,110.58,66.28,2022-10-08
P00307,Home & Kitchen,Bedding,SUP037,182.1,118.25,2022-06-17
P00308,Home & Kitchen,Decor,SUP015,131.57,74.52,2023-04-08
P00309,Home & Kitchen,Decor,SUP010,39.75,21.65,2022-08-01
P00310,Home & Kitchen,Storage,SUP033,60.4,37.52,2024-07-23
P00311,Home & Kitchen,Bedding,SUP024,128.1,90.5,2023-12-28
P00312,Home & Kitchen,Bedding,SUP013,57.99,36.69,2025-07-26
P00313,Home & Kitchen,Bedding,SUP028,34.57,21.46,2022-05-18
P00314,Home & Kitchen,Bedding,SUP001,38.55,24.86,2024-05-26
P00315,Home & Kitchen,Decor,SUP005,64.53,38.75,2025-07-09
P00316,Home & Kitchen,Cookware,SUP039,228.18,134.31,2024-04-29
P00317,Home & Kitchen,Cookware,SUP027,29.71,18.91,2021-01-15
P00318,Home & Kitchen,Bedding,SUP020,84.93,52.26,2025-04-07
P00319,Home & Kitchen,Decor,SUP021,204.09,136.03,2025-11-21
P00320,Home & Kitchen,Small Appliances,SUP011,203.88,119.24,2025-04-28
P00321,Home & Kitchen,Decor,SUP029,72.01,48.97,2025-05-01
P00322,Home & Kitchen,Decor,SUP007,164.61,100.85,2024-12-10
P00323,Home & Kitchen,Cookware,SUP014,154.4,97.08,2022-07-04
P00324,Home & Kitchen,Cookware,SUP019,129.46,84.15,2024-05-16
P00325,Home & Kitchen,Cookware,SUP022,47.32,26.48,2021-01-18
P00326,Home & Kitchen,Cookware,SUP001,46.49,26.99,2025-04-18
P00327,Home & Kitchen,Small Appliances,SUP037,43.42,27.23,2025-08-11
P00328,Home & Kitchen,Small Appliances,SUP029,33.59,22.33,2024-03-20
P00329,Home & Kitchen,Cookware,SUP036,15.76,9.19,2022-12-19
P00330,Home & Kitchen,Small Appliances,SUP006,221.35,133.48,2022-04-11
P00331,Home & Kitchen,Bedding,SUP033,30.21,20.37,2022-05-22
P00332,Home & Kitchen,Cookware,SUP022,18.52,12.04,2022-09-22
P00333,Home & Kitchen,Small Appliances,SUP017,111.74,71.19,2025-06-24
P00334,Home & Kitchen,Cookware,SUP020,137.42,81.27,2023-06-11
P00335,Home & Kitchen,Bedding,SUP001,197.37,127.83,2021-12-07
P00336,Home & Kitchen,Cookware,SUP020,45.95,28.58,2024-09-19
P00337,Home & Kitchen,Decor,SUP033,48.68,28.58,2025-09-21
P00338,Home & Kitchen,Decor,SUP039,96.8,58.88,2023-06-20
P00339,Home & Kitchen,Storage,SUP038,268.66,178.76,2025-09-01
P00340,Home & Kitchen,Decor,SUP013,51.64,29.64,2022-10-31
P00341,Home & Kitchen,Bedding,SUP036,22.5,15.16,2021-11-10
P00342,Home & Kitchen,Small Appliances,SUP018,43.31,27.56,2025-03-29
P00343,Home & Kitchen,Cookware,SUP010,79.05,49.7,2022-11-24
P00344,Home & Kitchen,Bedding,SUP037,89.74,51.95,2023-06-30
P00345,Home & Kitchen,Small Appliances,SUP007,101.24,64.94,2022-06-18
P00346,Home & Kitchen,Bedding,SUP014,88.78,59.57,2023-04-28
P00347,Home & Kitchen,Cookware,SUP021,109.24,70.66,2022-01-19
P00348,Home & Kitchen,Small Appliances,SUP023,14.61,10.34,2023-03-14
P00349,Home & Kitchen,Storage,SUP013,157.56,91.74,2025-05-28
P00350,Home & Kitchen,Storage,SUP025,173.67,116.3,2023-12-09
P00351,Home & Kitchen,Decor,SUP005,106.59,65.11,2025-10-25
P00352,Home & Kitchen,Storage,SUP019,18.1,10.81,2022-12-08
P00353,Home & Kitchen,Bedding,SUP012,47.88,27.55,2021-05-01
P00354,Home & Kitchen,Decor,SUP025,15.7,9.77,2022-01-24
P00355,Home & Kitchen,Cookware,SUP036,185.84,118.46,2023-12-24
P00356,Home & Kitchen,Storage,SUP014,106.99,68.83,2022-04-27
P00357,Home & Kitchen,Decor,SUP035,206.66,136.18,2023-12-09
P00358,Home & Kitchen,Storage,SUP032,135.62,88.15,2021-10-01
P00359,Home & Kitchen,Decor,SUP030,38.33,21.79,2024-10-17
P00360,Home & Kitchen,Decor,SUP015,125.82,78.72,2023-12-13
P00361,Home & Kitchen,Decor,SUP020,62.54,39.01,2021-03-07
P00362,Home & Kitchen,Cookware,SUP014,230.3,142.71,2023-05-14
P00363,Home & Kitchen,Bedding,SUP033,111.03,78.23,2021-11-15
P00364,Home & Kitchen,Cookware,SUP011,66.41,41.8,2023-03-14
P00365,Home & Kitchen,Storage,SUP021,65.76,41.87,2025-11-20
P00366,Home & Kitchen,Cookware,SUP005,93.86,59.45,2025-10-11
P00367,Home & Kitchen,Small Appliances,SUP022,15.43,8.45,2024-10-04
P00368,Home & Kitchen,Bedding,SUP024,247.6,167.73,2022-01-12
P00369,Home & Kitchen,Cookware,SUP017,212.47,127.09,2021-10-19
P00370,Home & Kitchen,Decor,SUP006,35.14,23.78,2023-06-11
P00371,Home & Kitchen,Cookware,SUP020,12.67,8.35,2022-04-02
P00372,Home & Kitchen,Storage,SUP008,49.21,31.67,2023-01-28
P00373,Home & Kitchen,Small Appliances,SUP033,16.08,10.27,2022-08-07
P00374,Home & Kitchen,Decor,SUP010,147.94,95.74,2021-07-18
P00375,Home & Kitchen,Small Appliances,SUP028,14.33,8.8,2022-02-02
P00376,Home & Kitchen,Decor,SUP035,16.2,9.78,2024-03-12
P00377,Home & Kitchen,Storage,SUP009,35.21,23.29,2025-04-07
P00378,Home & Kitchen,Bedding,SUP021,95.77,56.71,2024-01-01
P00379,Home & Kitchen,Bedding,SUP031,166.98,111.19,2023-08-23
P00380,Home & Kitchen,Cookware,SUP035,39.87,25.16,2025-02-02
P00381,Home & Kitchen,Cookware,SUP019,48.11,28.13,2024-09-28
P00382,Home & Kitchen,Small Appliances,SUP010,25.37,16.12,2023-06-21
P00383,Home & Kitchen,Storage,SUP008,109.98,71.14,2025-03-18
P00384,Home & Kitchen,Bedding,SUP027,16.35,11.85,2023-02-19
P00385,Home & Kitchen,Storage,SUP009,132.18,88.6,2021-09-27
P00386,Home & Kitchen,Storage,SUP015,35.97,19.68,2025-01-26
P00387,Home & Kitchen,Cookware,SUP011,23.21,13.49,2024-10-12
P00388,Home & Kitchen,Bedding,SUP034,82.73,55.16,2023-04-05
P00389,Home & Kitchen,Storage,SUP015,191.43,129.51,2021-04-16
P00390,Home & Kitchen,Small Appliances,SUP015,34.72,19.53,2021-09-23
P00391,Home & Kitchen,Cookware,SUP019,47.65,29.35,2022-01-19
P00392,Home & Kitchen,Cookware,SUP029,36.09,22.59,2023-02-03
P00393,Home & Kitchen,Decor,SUP024,63.01,38.19,2023-06-22
P00394,Home & Kitchen,Cookware,SUP033,226.19,138.51,2021-02-15
P00395,Home & Kitchen,Bedding,SUP017,156.9,101.32,2025-08-15
P00396,Home & Kitchen,Small Appliances,SUP034,252.49,148.97,2025-10-12
P00397,Home & Kitchen,Storage,SUP015,13.04,6.31,2022-10-19
P00398,Home & Kitchen,Storage,SUP012,219.62,138.5,2021-01-14
P00399,Home & Kitchen,Storage,SUP009,118.4,69.84,2021-08-01
P00400,Home & Kitchen,Decor,SUP039,12.82,7.47,2024-06-26
P00401,Home & Kitchen,Storage,SUP003,37.72,21.7,2023-01-14
P00402,Home & Kitchen,Storage,SUP037,13.54,8.46,2025-08-05
P00403,Home & Kitchen,Cookware,SUP038,109.35,64.36,2023-06-21
P00404,Home & Kitchen,Cookware,SUP023,26.08,14.87,2023-06-11
P00405,Home & Kitchen,Decor,SUP040,27.96,16.27,2024-01-23
P00406,Home & Kitchen,Small Appliances,SUP005,32.73,20.52,2024-05-18
P00407,Home & Kitchen,Bedding,SUP029,76.4,41.37,2022-09-15
P00408,Home & Kitchen,Small Appliances,SUP034,67.58,43.4,2023-01-10
P00409,Home & Kitchen,Decor,SUP003,71.75,51.08,2025-02-02
P00410,Home & Kitchen,Cookware,SUP027,27.1,16.04,2022-08-08
P00411,Home & Kitchen,Bedding,SUP040,12.72,7.71,2022-10-31
P00412,Home & Kitchen,Bedding,SUP013,151.11,100.04,2024-01-30
P00413,Home & Kitchen,Cookware,SUP035,88.39,55.23,2022-03-15
P00414,Home & Kitchen,Cookware,SUP027,31.01,17.94,2022-02-17
P00415,Home & Kitchen,Bedding,SUP034,62.42,39.47,2023-10-13
P00416,Home & Kitchen,Cookware,SUP034,39.79,22.47,2022-03-30
P00417,Home & Kitchen,Small Appliances,SUP010,17.96,11.03,2024-10-20
P00418,Home & Kitchen,Decor,SUP013,72.09,39.09,2025-03-02
P00419,Home & Kitchen,Small Appliances,SUP016,93.6,61.71,2025-07-27
P00420,Home & Kitchen,Bedding,SUP021,67.7,41.96,2021-02-14
P00421,Home & Kitchen,Cookware,SUP016,29.86,19.38,2022-12-09
P00422,Home & Kitchen,Storage,SUP037,26.32,16.1,2024-01-06
P00423,Home & Kitchen,Storage,SUP002,40.05,26.59,2025-03-21
P00424,Home & Kitchen,Cookware,SUP027,22.2,14.07,2021-12-04
P00425,Home & Kitchen,Small Appliances,SUP015,38.44,24.66,2023-12-28
P00426,Home & Kitchen,Bedding,SUP010,86.88,49.25,2022-01-01
P00427,Home & Kitchen,Decor,SUP025,97.41,68.59,2022-01-10
P00428,Home & Kitchen,Decor,SUP004,41.45,24.63,2022-01-27
P00429,Home & Kitchen,Bedding,SUP024,36.12,24.6,2023-03-06
P00430,Home & Kitchen,Cookware,SUP013,29.63,20.32,2025-03-08
P00431,Home & Kitchen,Cookware,SUP035,46.51,27.76,2023-02-23
P00432,Home & Kitchen,Cookware,SUP003,24.48,15.01,2024-03-08
P00433,Home & Kitchen,Bedding,SUP040,173.55,105.46,2023-03-16
P00434,Home & Kitchen,Decor,SUP014,16.36,10.13,2023-10-06
P00435,Home & Kitchen,Cookware,SUP027,32.6,21.09,2022-04-21
P00436,Home & Kitchen,Storage,SUP027,56.12,36.37,2022-03-12
P00437,Home & Kitchen,Small Appliances,SUP015,221.73,139.44,2025-01-22
P00438,Home & Kitchen,Storage,SUP011,22.95,12.78,2022-07-02
P00439,Home & Kitchen,Cookware,SUP028,105.81,67.23,2025-03-02
P00440,Home & Kitchen,Cookware,SUP028,197.5,132.06,2021-12-29
P00441,Home & Kitchen,Cookware,SUP015,130.19,70.77,2021-03-01
P00442,Home & Kitchen,Storage,SUP018,201.35,122.92,2024-08-11
P00443,Home & Kitchen,Small Appliances,SUP003,239.71,127.78,2023-09-15
P00444,Home & Kitchen,Storage,SUP003,54.85,31.86,2025-07-18
P00445,Home & Kitchen,Cookware,SUP022,83.9,57.27,2023-02-26
P00446,Home & Kitchen,Storage,SUP033,231.46,165.02,2025-09-20
P00447,Home & Kitchen,Decor,SUP021,160.28,102.66,2025-05-04
P00448,Home & Kitchen,Decor,SUP001,118.59,85.38,2022-05-29
P00449,Home & Kitchen,Storage,SUP005,101.84,63.54,2022-10-14
P00450,Home & Kitchen,Storage,SUP029,52.65,34.52,2023-12-26
P00451,Home & Kitchen,Bedding,SUP038,32.64,20.58,2021-07-06
P00452,Home & Kitchen,Small Appliances,SUP039,46.72,28.45,2021-02-19
P00453,Home & Kitchen,Bedding,SUP005,17.14,9.44,2023-01-30
P00454,Home & Kitchen,Storage,SUP003,159.07,108.57,2022-09-13
P00455,Home & Kitchen,Cookware,SUP029,23.49,14.79,2024-11-03
P00456,Home & Kitchen,Small Appliances,SUP039,265.8,162.91,2021-09-09
P00457,Home & Kitchen,Small Appliances,SUP012,70.16,43.36,2021-11-12
P00458,Home & Kitchen,Storage,SUP018,200.71,136.68,2021-10-09
P00459,Home & Kitchen,Bedding,SUP012,52.35,31.4,2022-08-17
P00460,Home & Kitchen,Storage,SUP010,19.52,12.39,2023-04-01
P00461,Home & Kitchen,Decor,SUP002,15.0,8.97,2024-06-19
P00462,Home & Kitchen,Storage,SUP010,17.4,10.47,2023-04-02
P00463,Home & Kitchen,Small Appliances,SUP018,51.32,33.8,2025-02-05
P00464,Home & Kitchen,Storage,SUP024,18.07,10.57,2021-01-27
P00465,Home & Kitchen,Storage,SUP029,93.2,62.06,2024-10-25
P00466,Home & Kitchen,Bedding,SUP040,108.34,70.47,2023-09-01
P00467,Home & Kitchen,Small Appliances,SUP005,16.2,9.67,2023-12-23
P00468,Home & Kitchen,Decor,SUP022,208.6,148.03,2022-04-22
P00469,Home & Kitchen,Storage,SUP018,209.04,119.06,2025-08-10
P00470,Home & Kitchen,Decor,SUP001,210.18,124.93,2022-05-25
P00471,Home & Kitchen,Decor,SUP015,17.93,10.42,2025-07-21
P00472,Home & Kitchen,Decor,SUP028,129.5,83.59,2022-05-15
P00473,Home & Kitchen,Bedding,SUP015,74.82,44.23,2024-06-09
P00474,Home & Kitchen,Storage,SUP035,77.09,44.39,2023-10-24
P00475,Home & Kitchen,Bedding,SUP006,202.81,112.99,2023-01-30
P00476,Home & Kitchen,Cookware,SUP027,163.25,105.46,2025-07-09
P00477,Home & Kitchen,Decor,SUP014,14.74,8.98,2024-04-03
P00478,Home & Kitchen,Cookware,SUP018,270.69,161.66,2021-01-10
P00479,Home & Kitchen,Bedding,SUP011,63.15,38.37,2025-03-01
P00480,Home & Kitchen,Storage,SUP002,33.93,22.83,2024-06-25
P00481,Apparel,Men,SUP008,72.09,45.66,2023-05-29
P00482,Apparel,Men,SUP008,29.54,16.89,2025-07-06
P00483,Apparel,Footwear,SUP011,32.46,18.74,2025-02-13
P00484,Apparel,Children,SUP003,119.64,60.14,2023-02-06
P00485,Apparel,Footwear,SUP003,63.64,31.26,2024-01-28
P00486,Apparel,Women,SUP040,20.1,10.57,2025-03-20
P00487,Apparel,Children,SUP010,172.64,86.33,2021-05-11
P00488,Apparel,Accessories,SUP031,23.83,12.98,2024-10-15
P00489,Apparel,Footwear,SUP037,24.04,12.84,2024-04-10
P00490,Apparel,Children,SUP008,100.4,56.32,2023-01-22
P00491,Apparel,Women,SUP029,108.37,58.05,2021-01-28
P00492,Apparel,Children,SUP028,168.86,89.87,2024-12-03
P00493,Apparel,Men,SUP012,175.97,73.64,2021-02-27
P00494,Apparel,Accessories,SUP005,176.43,99.44,2022-04-05
P00495,Apparel,Accessories,SUP013,58.51,32.79,2025-07-07
P00496,Apparel,Men,SUP032,19.42,9.65,2024-11-12
P00497,Apparel,Men,SUP011,40.92,20.98,2021-10-29
P00498,Apparel,Children,SUP006,74.05,35.91,2022-11-02
P00499,Apparel,Children,SUP034,46.43,26.21,2024-01-07
P00500,Apparel,Men,SUP004,68.75,40.38,2025-08-26
P00501,Apparel,Women,SUP015,38.32,21.75,2021-03-22
P00502,Apparel,Women,SUP027,47.06,28.15,2021-07-28
P00503,Apparel,Men,SUP021,130.99,71.46,2023-04-15
P00504,Apparel,Women,SUP019,39.91,20.96,2024-01-07
P00505,Apparel,Footwear,SUP012,44.79,24.09,2021-09-06
P00506,Apparel,Footwear,SUP002,30.42,16.18,2025-04-23
P00507,Apparel,Children,SUP005,56.8,27.31,2024-04-19
P00508,Apparel,Women,SUP034,122.71,65.38,2024-02-06
P00509,Apparel,Men,SUP017,27.89,14.44,2022-10-17
P00510,Apparel,Footwear,SUP015,107.16,58.01,2024-04-08
P00511,Apparel,Accessories,SUP020,21.13,12.2,2022-02-28
P00512,Apparel,Women,SUP002,34.06,18.27,2022-10-26
P00513,Apparel,Men,SUP016,23.2,12.15,2023-03-14
P00514,Apparel,Children,SUP039,43.53,22.63,2023-12-21
P00515,Apparel,Footwear,SUP010,105.33,53.86,2025-02-20
P00516,Apparel,Children,SUP034,18.06,10.04,2024-06-03
P00517,Apparel,Women,SUP025,28.83,14.68,2025-10-23
P00518,Apparel,Children,SUP010,132.72,81.42,2024-10-17
P00519,Apparel,Accessories,SUP005,103.15,57.52,2023-07-13
P00520,Apparel,Women,SUP022,35.85,18.38,2021-10-20
P00521,Apparel,Children,SUP040,87.47,50.46,2025-02-24
P00522,Apparel,Accessories,SUP039,113.49,64.93,2025-08-18
P00523,Apparel,Footwear,SUP024,133.96,64.52,2025-08-15
P00524,Apparel,Footwear,SUP040,17.81,10.4,2023-08-15
P00525,Apparel,Footwear,SUP037,24.78,14.48,2024-02-16
P00526,Apparel,Men,SUP026,60.81,31.3,2021-05-17
P00527,Apparel,Children,SUP007,26.23,15.36,2022-07-04
P00528,Apparel,Footwear,SUP007,18.97,10.55,2022-01-29
P00529,Apparel,Women,SUP012,24.31,11.54,2024-03-15
P00530,Apparel,Accessories,SUP033,50.82,24.26,2024-03-22
P00531,Apparel,Men,SUP006,25.24,13.62,2023-10-09
P00532,Apparel,Men,SUP012,71.51,39.8,2025-03-24
P00533,Apparel,Women,SUP002,115.91,68.85,2021-05-06
P00534,Apparel,Children,SUP035,50.38,26.6,2025-09-18
P00535,Apparel,Men,SUP009,47.26,24.75,2023-02-16
P00536,Apparel,Footwear,SUP030,29.09,15.04,2024-09-14
P00537,Apparel,Women,SUP004,78.22,41.79,2023-03-03
P00538,Apparel,Women,SUP018,29.35,15.63,2021-03-16
P00539,Apparel,Footwear,SUP021,33.77,18.3,2023-06-03
P00540,Apparel,Footwear,SUP032,35.11,20.79,2025-08-28
P00541,Apparel,Men,SUP015,25.8,13.95,2023-08-23
P00542,Apparel,Men,SUP002,117.99,64.3,2022-06-16
P00543,Apparel,Accessories,SUP018,30.97,18.88,2025-05-24
P00544,Apparel,Women,SUP029,91.79,51.92,2021-01-30
P00545,Apparel,Children,SUP031,66.42,39.63,2023-07-10
P00546,Apparel,Accessories,SUP007,20.2,10.95,2025-09-29
P00547,Apparel,Women,SUP022,75.94,37.8,2023-06-24
P00548,Apparel,Children,SUP038,45.54,25.19,2023-11-02
P00549,Apparel,Footwear,SUP005,112.72,69.37,2024-02-21
P00550,Apparel,Footwear,SUP011,70.22,37.69,2022-07-22
P00551,Apparel,Footwear,SUP026,15.25,7.88,2022-08-18
P00552,Apparel,Accessories,SUP022,16.43,9.46,2025-01-04
P00553,Apparel,Accessories,SUP040,41.71,22.26,2023-06-11
P00554,Apparel,Women,SUP023,49.37,25.47,2024-05-19
P00555,Apparel,Children,SUP019,16.16,8.37,2025-11-12
P00556,Apparel,Women,SUP033,47.89,25.79,2023-06-12
P00557,Apparel,Footwear,SUP011,55.94,27.76,2022-01-05
P00558,Apparel,Children,SUP023,87.9,49.54,2021-10-21
P00559,Apparel,Men,SUP030,59.1,34.58,2024-12-01
P00560,Apparel,Children,SUP030,35.83,16.54,2022-01-03
P00561,Apparel,Footwear,SUP033,165.7,97.89,2023-08-01
P00562,Apparel,Men,SUP013,67.59,40.95,2024-11-20
P00563,Apparel,Men,SUP010,18.34,10.89,2021-03-06
P00564,Apparel,Footwear,SUP019,70.69,38.76,2024-07-07
P00565,Apparel,Children,SUP019,70.23,39.18,2021-08-08
P00566,Apparel,Footwear,SUP023,19.24,10.12,2021-03-15
P00567,Apparel,Children,SUP016,17.69,8.9,2023-05-22
P00568,Apparel,Footwear,SUP039,107.93,60.61,2021-02-19
P00569,Apparel,Women,SUP005,59.42,35.08,2021-04-30
P00570,Apparel,Footwear,SUP037,28.06,15.46,2024-12-02
P00571,Apparel,Accessories,SUP005,171.23,95.39,2021-08-09
P00572,Apparel,Footwear,SUP021,64.12,33.78,2025-08-27
P00573,Apparel,Footwear,SUP018,125.14,62.56,2022-05-18
P00574,Apparel,Women,SUP016,154.29,85.83,2022-06-25
P00575,Apparel,Men,SUP027,42.79,21.11,2024-05-12
P00576,Apparel,Children,SUP010,15.55,9.0,2023-04-17
P00577,Apparel,Women,SUP018,45.82,24.39,2023-05-10
P00578,Apparel,Women,SUP007,25.06,13.84,2023-07-20
P00579,Apparel,Women,SUP008,34.78,19.18,2022-03-05
P00580,Apparel,Women,SUP023,79.61,43.66,2024-12-25
P00581,Apparel,Men,SUP010,59.27,26.82,2021-01-31
P00582,Apparel,Accessories,SUP016,114.5,64.64,2025-04-06
P00583,Apparel,Accessories,SUP012,18.65,10.31,2024-06-01
P00584,Apparel,Children,SUP014,89.83,52.0,2024-12-17
P00585,Apparel,Men,SUP037,21.23,11.64,2024-03-29
P00586,Apparel,Women,SUP032,50.95,30.39,2024-11-03
P00587,Apparel,Men,SUP019,132.09,67.64,2021-12-17
P00588,Apparel,Men,SUP007,72.06,39.12,2025-09-07
P00589,Apparel,Men,SUP037,86.76,47.67,2022-05-08
P00590,Apparel,Footwear,SUP017,25.65,14.62,2023-10-29
P00591,Apparel,Men,SUP035,19.99,11.09,2023-04-08
P00592,Apparel,Women,SUP017,15.46,8.71,2021-10-30
P00593,Apparel,Footwear,SUP018,83.61,47.82,2022-12-11
P00594,Apparel,Children,SUP002,47.14,26.77,2021-01-03
P00595,Apparel,Women,SUP022,17.24,11.13,2022-08-12
P00596,Apparel,Accessories,SUP014,68.28,38.0,2025-09-11
P00597,Apparel,Women,SUP035,131.24,71.65,2025-04-08
P00598,Apparel,Children,SUP020,47.54,25.66,2024-02-29
P00599,Apparel,Accessories,SUP030,103.59,60.79,2023-02-02
P00600,Apparel,Women,SUP009,95.85,46.34,2025-09-06
P00601,Apparel,Footwear,SUP022,42.43,24.15,2025-01-17
P00602,Apparel,Accessories,SUP025,19.55,11.74,2022-06-27
P00603,Apparel,Accessories,SUP022,164.39,94.34,2024-01-30
P00604,Apparel,Footwear,SUP023,124.61,66.01,2022-11-07
P00605,Apparel,Men,SUP034,33.22,17.88,2021-11-28
P00606,Apparel,Footwear,SUP020,86.15,44.08,2023-03-31
P00607,Apparel,Footwear,SUP036,57.94,33.06,2022-07-22
P00608,Apparel,Men,SUP013,32.03,17.73,2023-02-10
P00609,Apparel,Women,SUP033,22.72,12.74,2024-12-12
P00610,Apparel,Women,SUP023,164.15,89.01,2023-08-10
P00611,Apparel,Women,SUP004,30.93,17.27,2021-06-21
P00612,Apparel,Children,SUP013,31.28,16.94,2022-12-01
P00613,Apparel,Men,SUP023,87.08,46.22,2022-07-04
P00614,Apparel,Children,SUP036,20.21,12.11,2021-08-24
P00615,Apparel,Women,SUP002,159.42,92.35,2023-05-16
P00616,Apparel,Footwear,SUP012,81.19,44.56,2025-04-27
P00617,Apparel,Accessories,SUP014,58.83,31.8,2022-07-10
P00618,Apparel,Accessories,SUP035,31.93,17.79,2024-06-16
P00619,Apparel,Men,SUP037,40.32,22.42,2021-01-19
P00620,Apparel,Accessories,SUP004,38.04,21.72,2023-05-17
P00621,Apparel,Accessories,SUP016,130.09,75.68,2023-04-11
P00622,Apparel,Women,SUP034,142.07,82.28,2023-11-24
P00623,Apparel,Footwear,SUP035,28.35,16.6,2021-05-02
P00624,Apparel,Children,SUP004,158.1,90.82,2025-11-08
P00625,Apparel,Children,SUP034,114.66,64.46,2025-06-25
P00626,Apparel,Accessories,SUP020,121.07,62.99,2023-02-01
P00627,Apparel,Men,SUP040,15.41,7.73,2023-03-31
P00628,Apparel,Women,SUP016,33.31,14.9,2024-09-20
P00629,Apparel,Women,SUP021,145.34,71.64,2021-03-24
P00630,Apparel,Accessories,SUP027,160.85,88.71,2023-09-07
P00631,Apparel,Accessories,SUP022,16.83,7.04,2025-05-05
P00632,Apparel,Women,SUP020,74.04,44.65,2024-12-15
P00633,Apparel,Accessories,SUP006,80.99,40.96,2023-04-14
P00634,Apparel,Accessories,SUP006,20.45,9.61,2025-10-12
P00635,Apparel,Accessories,SUP035,166.58,83.77,2025-11-27
P00636,Apparel,Accessories,SUP006,25.86,14.22,2021-02-07
P00637,Apparel,Men,SUP029,105.99,52.8,2021-06-04
P00638,Apparel,Accessories,SUP039,27.89,15.12,2025-12-04
P00639,Apparel,Accessories,SUP026,15.69,8.33,2024-11-02
P00640,Apparel,Accessories,SUP037,97.32,50.09,2024-07-15
P00641,Apparel,Accessories,SUP015,49.15,29.01,2024-02-24
P00642,Apparel,Accessories,SUP013,36.84,19.5,2021-11-15
P00643,Apparel,Footwear,SUP024,68.31,34.9,2024-02-11
P00644,Apparel,Accessories,SUP031,19.65,10.72,2022-04-06
P00645,Apparel,Children,SUP026,137.29,77.37,2021-06-01
P00646,Apparel,Women,SUP022,127.36,67.4,2022-05-04
P00647,Apparel,Women,SUP018,52.38,26.46,2022-09-27
P00648,Apparel,Footwear,SUP022,47.39,28.24,2025-04-12
P00649,Apparel,Women,SUP011,15.67,8.56,2021-10-23
P00650,Apparel,Accessories,SUP005,49.36,27.22,2021-08-16
P00651,Apparel,Children,SUP034,19.74,11.43,2024-03-01
P00652,Apparel,Accessories,SUP020,129.59,68.09,2023-12-10
P00653,Apparel,Men,SUP010,24.98,12.79,2025-09-26
P00654,Apparel,Men,SUP008,138.14,79.27,2022-10-03
P00655,Apparel,Accessories,SUP006,30.99,17.45,2024-04-05
P00656,Apparel,Children,SUP023,15.01,7.82,2022-12-16
P00657,Apparel,Women,SUP010,89.6,52.05,2025-04-20
P00658,Apparel,Children,SUP026,34.74,21.4,2022-09-21
P00659,Apparel,Footwear,SUP007,104.8,55.46,2022-10-08
P00660,Apparel,Children,SUP024,25.2,10.82,2024-04-21
P00661,Apparel,Men,SUP019,20.4,8.69,2023-11-01
P00662,Apparel,Women,SUP028,16.89,9.48,2022-10-29
P00663,Apparel,Men,SUP029,29.61,14.39,2025-09-27
P00664,Apparel,Men,SUP033,43.04,23.59,2022-12-10
P00665,Apparel,Women,SUP039,15.35,9.0,2022-07-31
P00666,Apparel,Accessories,SUP008,22.66,13.86,2021-07-10
P00667,Apparel,Children,SUP020,86.69,44.92,2022-05-29
P00668,Apparel,Men,SUP030,111.61,60.22,2021-11-13
P00669,Apparel,Men,SUP013,36.57,21.59,2024-02-27
P00670,Apparel,Children,SUP028,70.09,40.67,2022-03-06
P00671,Apparel,Footwear,SUP019,20.43,11.75,2023-09-29
P00672,Apparel,Accessories,SUP031,62.92,38.44,2024-08-13
P00673,Apparel,Accessories,SUP004,107.55,65.85,2023-10-04
P00674,Apparel,Women,SUP037,29.82,15.98,2022-09-26
P00675,Apparel,Women,SUP009,160.87,80.25,2022-03-27
P00676,Apparel,Footwear,SUP021,17.14,9.52,2022-10-04
P00677,Apparel,Children,SUP017,18.35,10.09,2023-05-26
P00678,Apparel,Men,SUP019,17.24,9.58,2023-03-27
P00679,Apparel,Men,SUP019,71.7,41.55,2024-07-06
P00680,Apparel,Accessories,SUP036,70.38,40.55,2025-04-02
P00681,Apparel,Accessories,SUP032,18.48,8.63,2024-05-16
P00682,Apparel,Accessories,SUP026,76.94,45.67,2022-04-05
P00683,Apparel,Children,SUP032,18.7,10.73,2025-11-13
P00684,Apparel,Women,SUP009,23.28,10.82,2024-11-29
P00685,Apparel,Accessories,SUP009,24.49,15.27,2022-09-24
P00686,Apparel,Children,SUP006,75.75,36.48,2024-08-13
P00687,Apparel,Accessories,SUP023,44.4,24.59,2021-05-27
P00688,Apparel,Accessories,SUP023,90.2,47.38,2022-02-02
P00689,Apparel,Footwear,SUP032,58.62,31.83,2023-06-30
P00690,Apparel,Accessories,SUP014,53.7,28.79,2025-08-02
P00691,Apparel,Women,SUP006,20.58,10.99,2025-04-20
P00692,Apparel,Men,SUP032,33.06,16.06,2022-08-21
P00693,Apparel,Footwear,SUP037,30.48,16.42,2021-06-23
P00694,Apparel,Men,SUP029,33.92,16.78,2023-08-09
P00695,Apparel,Women,SUP005,63.19,36.66,2025-10-20
P00696,Apparel,Children,SUP037,28.75,14.91,2024-12-07
P00697,Apparel,Children,SUP040,21.9,12.53,2023-10-09
P00698,Apparel,Women,SUP014,64.61,38.29,2022-03-05
P00699,Apparel,Footwear,SUP025,19.67,11.75,2025-05-25
P00700,Apparel,Accessories,SUP004,17.64,9.48,2023-06-04
P00701,Apparel,Accessories,SUP039,28.38,16.12,2023-05-14
P00702,Apparel,Footwear,SUP030,165.88,92.11,2022-09-02
P00703,Apparel,Children,SUP017,27.29,16.67,2023-05-26
P00704,Apparel,Men,SUP038,173.67,97.58,2025-04-09
P00705,Apparel,Children,SUP005,24.38,13.51,2025-07-20
P00706,Apparel,Women,SUP024,17.19,9.8,2022-10-20
P00707,Apparel,Accessories,SUP024,154.61,86.77,2024-05-03
P00708,Apparel,Children,SUP029,55.69,28.1,2025-04-21
P00709,Apparel,Accessories,SUP026,138.2,79.96,2024-04-05
P00710,Apparel,Men,SUP010,20.74,10.71,2023-04-01
P00711,Apparel,Men,SUP017,18.69,10.19,2022-07-31
P00712,Apparel,Women,SUP006,16.56,8.79,2022-10-14
P00713,Apparel,Women,SUP030,44.43,25.67,2022-02-04
P00714,Apparel,Women,SUP032,142.27,79.05,2022-03-23
P00715,Apparel,Footwear,SUP007,157.72,86.82,2024-02-18
P00716,Apparel,Footwear,SUP032,34.55,17.38,2022-10-30
P00717,Apparel,Women,SUP022,169.59,97.43,2022-01-03
P00718,Apparel,Children,SUP012,136.48,71.4,2022-01-11
P00719,Apparel,Women,SUP004,25.17,13.92,2021-03-30
P00720,Apparel,Men,SUP037,109.33,56.81,2023-01-30
P00721,Apparel,Women,SUP005,53.54,28.13,2025-10-24
P00722,Apparel,Footwear,SUP024,32.47,17.84,2022-07-24
P00723,Apparel,Women,SUP009,17.17,9.35,2024-12-12
P00724,Apparel,Women,SUP032,131.56,71.23,2023-09-19
P00725,Apparel,Footwear,SUP001,37.51,22.46,2025-01-09
P00726,Apparel,Accessories,SUP019,48.49,27.46,2025-03-19
P00727,Apparel,Footwear,SUP024,147.64,82.87,2024-08-11
P00728,Apparel,Accessories,SUP013,41.86,24.08,2022-12-05
P00729,Apparel,Children,SUP007,110.79,60.45,2024-04-05
P00730,Apparel,Children,SUP008,54.98,30.22,2023-01-20
P00731,Apparel,Footwear,SUP034,62.38,34.95,2022-11-09
P00732,Apparel,Women,SUP031,62.35,34.83,2024-08-18
P00733,Apparel,Children,SUP001,66.01,34.86,2022-10-19
P00734,Apparel,Men,SUP031,80.51,47.41,2024-05-28
P00735,Apparel,Accessories,SUP040,121.31,66.1,2022-07-28
P00736,Apparel,Accessories,SUP012,30.93,18.89,2022-06-26
P00737,Apparel,Footwear,SUP019,24.99,13.74,2021-05-06
P00738,Apparel,Footwear,SUP034,53.47,25.81,2025-12-05
P00739,Apparel,Children,SUP027,170.19,94.44,2025-10-30
P00740,Apparel,Women,SUP016,21.19,12.66,2022-03-17
P00741,Apparel,Accessories,SUP024,105.99,48.75,2025-09-19
P00742,Apparel,Women,SUP034,135.88,80.91,2024-04-17
P00743,Apparel,Footwear,SUP029,25.6,13.62,2023-11-14
P00744,Apparel,Footwear,SUP023,66.95,36.9,2023-10-10
P00745,Apparel,Men,SUP010,40.0,18.52,2023-05-09
P00746,Apparel,Footwear,SUP025,57.88,33.34,2024-05-24
P00747,Apparel,Men,SUP021,174.2,101.23,2023-10-11
P00748,Apparel,Women,SUP032,54.02,34.1,2025-09-19
P00749,Apparel,Men,SUP021,48.45,22.95,2025-04-08
P00750,Apparel,Footwear,SUP038,16.37,9.69,2023-06-15
P00751,Apparel,Accessories,SUP029,88.86,50.62,2022-11-06
P00752,Apparel,Women,SUP028,27.53,15.76,2025-01-10
P00753,Apparel,Women,SUP016,118.67,66.0,2025-08-18
P00754,Apparel,Children,SUP025,23.37,13.68,2021-09-08
P00755,Apparel,Accessories,SUP022,61.53,31.29,2021-02-23
P00756,Apparel,Accessories,SUP024,115.02,66.65,2023-07-05
P00757,Apparel,Children,SUP001,21.04,10.25,2021-05-10
P00758,Apparel,Footwear,SUP040,22.52,10.87,2024-03-23
P00759,Apparel,Men,SUP028,114.41,66.19,2025-10-09
P00760,Apparel,Footwear,SUP006,43.81,20.83,2022-09-08
P00761,Grocery & Essentials,Breakfast Cereals,SUP022,5.32,4.46,2022-07-23
P00762,Grocery & Essentials,Household,SUP040,7.77,6.28,2021-07-01
P00763,Grocery & Essentials,Breakfast Cereals,SUP024,7.31,5.97,2022-06-16
P00764,Grocery & Essentials,Household,SUP003,4.01,3.19,2025-06-06
P00765,Grocery & Essentials,Household,SUP011,2.59,1.97,2023-06-03
P00766,Grocery & Essentials,Household,SUP036,9.68,8.13,2025-03-13
P00767,Grocery & Essentials,Household,SUP015,16.18,13.29,2024-10-25
P00768,Grocery & Essentials,Breakfast Cereals,SUP021,3.18,2.83,2022-10-03
P00769,Grocery & Essentials,Household,SUP005,18.56,15.41,2021-02-23
P00770,Grocery & Essentials,Breakfast Cereals,SUP017,2.08,1.78,2022-04-18
P00771,Grocery & Essentials,Household,SUP031,2.84,2.22,2025-10-16
P00772,Grocery & Essentials,Snacks,SUP023,7.16,5.79,2025-10-12
P00773,Grocery & Essentials,Snacks,SUP025,33.62,24.35,2022-12-04
P00774,Grocery & Essentials,Household,SUP039,16.59,14.79,2022-03-05
P00775,Grocery & Essentials,Household,SUP030,33.56,28.45,2022-04-23
P00776,Grocery & Essentials,Household,SUP024,2.39,2.04,2022-08-01
P00777,Grocery & Essentials,Breakfast Cereals,SUP018,11.0,8.85,2024-06-11
P00778,Grocery & Essentials,Snacks,SUP003,13.08,10.59,2021-08-09
P00779,Grocery & Essentials,Coffee,SUP021,7.75,6.25,2022-10-06
P00780,Grocery & Essentials,Beverages,SUP015,3.53,2.97,2025-11-03
P00781,Grocery & Essentials,Pantry,SUP025,8.68,7.28,2022-05-12
P00782,Grocery & Essentials,Beverages,SUP018,2.12,1.77,2024-06-30
P00783,Grocery & Essentials,Household,SUP034,13.25,10.75,2023-11-23
P00784,Grocery & Essentials,Beverages,SUP023,12.37,10.04,2022-03-13
P00785,Grocery & Essentials,Breakfast Cereals,SUP040,2.23,1.79,2023-07-01
P00786,Grocery & Essentials,Beverages,SUP017,2.46,1.86,2023-11-30
P00787,Grocery & Essentials,Snacks,SUP004,6.69,5.39,2023-02-01
P00788,Grocery & Essentials,Coffee,SUP027,41.65,32.28,2021-02-15
P00789,Grocery & Essentials,Snacks,SUP001,4.88,4.14,2025-03-17
P00790,Grocery & Essentials,Breakfast Cereals,SUP032,3.82,3.19,2023-05-18
P00791,Grocery & Essentials,Beverages,SUP004,20.11,16.26,2025-05-29
P00792,Grocery & Essentials,Pantry,SUP035,8.53,6.89,2022-01-01
P00793,Grocery & Essentials,Beverages,SUP023,4.22,3.56,2022-05-31
P00794,Grocery & Essentials,Beverages,SUP010,23.21,18.59,2022-03-25
P00795,Grocery & Essentials,Coffee,SUP010,14.52,11.11,2023-08-30
P00796,Grocery & Essentials,Snacks,SUP016,2.22,1.96,2024-08-06
P00797,Grocery & Essentials,Coffee,SUP005,9.7,7.28,2022-11-24
P00798,Grocery & Essentials,Household,SUP025,18.93,15.1,2022-04-25
P00799,Grocery & Essentials,Household,SUP028,40.42,32.39,2025-04-09
P00800,Grocery & Essentials,Coffee,SUP014,19.37,16.62,2025-10-09
P00801,Grocery & Essentials,Household,SUP007,4.97,3.95,2023-08-07
P00802,Grocery & Essentials,Coffee,SUP010,17.77,14.26,2021-03-29
P00803,Grocery & Essentials,Coffee,SUP011,17.16,14.04,2025-03-04
P00804,Grocery & Essentials,Breakfast Cereals,SUP034,20.48,16.62,2023-10-04
P00805,Grocery & Essentials,Coffee,SUP030,13.81,11.12,2022-02-15
P00806,Grocery & Essentials,Snacks,SUP018,2.58,2.23,2021-11-18
P00807,Grocery & Essentials,Snacks,SUP031,9.08,8.35,2023-02-12
P00808,Grocery & Essentials,Coffee,SUP006,29.48,23.62,2022-04-24
P00809,Grocery & Essentials,Household,SUP023,23.51,20.5,2025-10-24
P00810,Grocery & Essentials,Household,SUP004,2.14,1.76,2024-11-09
P00811,Grocery & Essentials,Coffee,SUP015,7.32,6.31,2024-10-29
P00812,Grocery & Essentials,Household,SUP017,2.73,2.36,2021-02-11
P00813,Grocery & Essentials,Pantry,SUP007,29.37,23.54,2024-06-10
P00814,Grocery & Essentials,Breakfast Cereals,SUP029,12.42,9.77,2022-11-27
P00815,Grocery & Essentials,Pantry,SUP005,11.41,9.59,2021-01-19
P00816,Grocery & Essentials,Breakfast Cereals,SUP006,15.34,12.88,2022-12-31
P00817,Grocery & Essentials,Coffee,SUP034,27.37,21.94,2023-07-23
P00818,Grocery & Essentials,Pantry,SUP037,5.73,4.55,2022-09-09
P00819,Grocery & Essentials,Pantry,SUP005,16.98,14.73,2023-10-16
P00820,Grocery & Essentials,Breakfast Cereals,SUP006,21.87,18.23,2022-02-22
P00821,Grocery & Essentials,Snacks,SUP024,7.1,5.71,2023-01-17
P00822,Grocery & Essentials,Coffee,SUP004,2.63,2.0,2023-10-29
P00823,Grocery & Essentials,Breakfast Cereals,SUP031,3.82,2.91,2025-10-29
P00824,Grocery & Essentials,Snacks,SUP023,41.18,30.26,2021-05-23
P00825,Grocery & Essentials,Snacks,SUP028,5.37,4.19,2021-10-03
P00826,Grocery & Essentials,Snacks,SUP016,12.96,10.24,2025-11-16
P00827,Grocery & Essentials,Household,SUP037,3.54,3.22,2023-03-22
P00828,Grocery & Essentials,Snacks,SUP029,11.18,8.88,2021-01-25
P00829,Grocery & Essentials,Snacks,SUP040,4.35,3.59,2023-04-03
P00830,Grocery & Essentials,Beverages,SUP005,39.6,32.85,2022-01-20
P00831,Grocery & Essentials,Snacks,SUP033,16.52,13.69,2023-11-16
P00832,Grocery & Essentials,Beverages,SUP026,10.13,8.91,2025-05-30
P00833,Grocery & Essentials,Beverages,SUP011,7.64,6.4,2021-11-03
P00834,Grocery & Essentials,Beverages,SUP010,2.34,1.85,2021-04-16
P00835,Grocery & Essentials,Snacks,SUP005,13.91,10.95,2023-12-10
P00836,Grocery & Essentials,Pantry,SUP011,7.71,5.83,2023-04-29
P00837,Grocery & Essentials,Snacks,SUP017,41.65,34.62,2023-11-07
P00838,Grocery & Essentials,Coffee,SUP027,6.17,5.37,2023-04-16
P00839,Grocery & Essentials,Household,SUP036,6.76,5.38,2023-01-14
P00840,Grocery & Essentials,Snacks,SUP037,17.46,14.93,2024-01-06
P00841,Grocery & Essentials,Household,SUP020,23.81,19.55,2024-06-19
P00842,Grocery & Essentials,Household,SUP014,5.46,4.18,2025-11-07
P00843,Grocery & Essentials,Pantry,SUP027,18.37,15.34,2024-07-11
P00844,Grocery & Essentials,Beverages,SUP027,2.49,1.94,2023-07-14
P00845,Grocery & Essentials,Household,SUP006,12.71,10.33,2021-04-21
P00846,Grocery & Essentials,Household,SUP033,19.13,17.29,2022-03-14
P00847,Grocery & Essentials,Beverages,SUP030,31.65,26.0,2022-12-24
P00848,Grocery & Essentials,Coffee,SUP020,16.44,13.76,2023-06-11
P00849,Grocery & Essentials,Coffee,SUP025,2.1,1.71,2021-01-25
P00850,Grocery & Essentials,Coffee,SUP037,37.92,34.93,2025-11-18
P00851,Grocery & Essentials,Household,SUP009,34.24,27.58,2022-03-19
P00852,Grocery & Essentials,Household,SUP035,3.81,3.29,2023-04-16
P00853,Grocery & Essentials,Beverages,SUP032,8.81,6.83,2024-08-16
P00854,Grocery & Essentials,Breakfast Cereals,SUP014,26.03,20.7,2024-10-08
P00855,Grocery & Essentials,Snacks,SUP025,18.13,16.35,2024-01-03
P00856,Grocery & Essentials,Coffee,SUP001,4.6,4.1,2023-12-26
P00857,Grocery & Essentials,Snacks,SUP009,3.14,2.47,2024-08-03
P00858,Grocery & Essentials,Pantry,SUP017,17.72,15.94,2024-05-30
P00859,Grocery & Essentials,Household,SUP007,3.42,2.93,2021-01-08
P00860,Grocery & Essentials,Snacks,SUP016,16.29,14.09,2022-11-03
P00861,Grocery & Essentials,Beverages,SUP005,15.96,14.2,2022-11-14
P00862,Grocery & Essentials,Snacks,SUP025,26.21,22.06,2024-01-20
P00863,Grocery & Essentials,Beverages,SUP008,2.24,1.91,2022-09-19
P00864,Grocery & Essentials,Coffee,SUP003,15.02,10.65,2024-11-23
P00865,Grocery & Essentials,Snacks,SUP029,11.37,9.79,2022-09-07
P00866,Grocery & Essentials,Breakfast Cereals,SUP005,7.68,6.55,2022-07-07
P00867,Grocery & Essentials,Coffee,SUP001,9.34,7.92,2021-09-07
P00868,Grocery & Essentials,Coffee,SUP028,17.41,14.42,2024-05-29
P00869,Grocery & Essentials,Pantry,SUP007,2.07,1.82,2025-09-23
P00870,Grocery & Essentials,Coffee,SUP017,9.85,8.4,2022-07-20
P00871,Grocery & Essentials,Beverages,SUP030,23.94,18.99,2024-07-20
P00872,Grocery & Essentials,Beverages,SUP022,9.65,7.1,2022-02-18
P00873,Grocery & Essentials,Snacks,SUP017,2.85,2.35,2024-08-22
P00874,Grocery & Essentials,Coffee,SUP040,36.75,32.35,2021-03-13
P00875,Grocery & Essentials,Beverages,SUP033,8.77,7.78,2022-02-22
P00876,Grocery & Essentials,Snacks,SUP022,37.48,30.68,2024-01-01
P00877,Grocery & Essentials,Beverages,SUP038,32.39,26.81,2024-09-10
P00878,Grocery & Essentials,Coffee,SUP001,2.23,1.68,2022-12-27
P00879,Grocery & Essentials,Pantry,SUP033,7.43,6.06,2024-04-07
P00880,Grocery & Essentials,Snacks,SUP023,15.19,12.19,2025-03-25
P00881,Grocery & Essentials,Snacks,SUP004,17.97,15.22,2025-05-10
P00882,Grocery & Essentials,Snacks,SUP025,32.64,26.29,2022-01-08
P00883,Grocery & Essentials,Breakfast Cereals,SUP009,8.55,6.97,2021-09-02
P00884,Grocery & Essentials,Coffee,SUP001,9.39,8.38,2025-08-05
P00885,Grocery & Essentials,Pantry,SUP011,3.52,2.83,2025-10-21
P00886,Grocery & Essentials,Beverages,SUP031,9.28,7.66,2023-09-10
P00887,Grocery & Essentials,Household,SUP015,3.81,3.22,2021-02-23
P00888,Grocery & Essentials,Breakfast Cereals,SUP020,2.76,2.16,2024-08-28
P00889,Grocery & Essentials,Beverages,SUP038,3.39,2.93,2024-07-16
P00890,Grocery & Essentials,Breakfast Cereals,SUP010,25.16,21.4,2022-01-27
P00891,Grocery & Essentials,Breakfast Cereals,SUP037,20.56,17.73,2025-09-10
P00892,Grocery & Essentials,Snacks,SUP036,2.14,1.74,2023-07-10
P00893,Grocery & Essentials,Beverages,SUP038,25.51,19.82,2025-10-17
P00894,Grocery & Essentials,Pantry,SUP009,6.86,5.45,2025-08-22
P00895,Grocery & Essentials,Snacks,SUP040,2.15,1.91,2025-03-27
P00896,Grocery & Essentials,Household,SUP021,22.12,18.0,2023-11-29
P00897,Grocery & Essentials,Pantry,SUP039,22.02,18.24,2023-12-07
P00898,Grocery & Essentials,Beverages,SUP032,16.21,13.35,2025-09-17
P00899,Grocery & Essentials,Snacks,SUP036,10.31,7.23,2022-06-13
P00900,Grocery & Essentials,Pantry,SUP002,16.16,13.0,2022-10-31
P00901,Grocery & Essentials,Household,SUP002,16.8,14.37,2022-08-31
P00902,Grocery & Essentials,Coffee,SUP017,31.7,25.4,2024-03-30
P00903,Grocery & Essentials,Beverages,SUP002,6.08,5.18,2025-05-18
P00904,Grocery & Essentials,Coffee,SUP028,30.02,23.87,2025-02-06
P00905,Grocery & Essentials,Beverages,SUP020,5.02,4.1,2025-02-22
P00906,Grocery & Essentials,Beverages,SUP035,15.28,11.07,2022-01-24
P00907,Grocery & Essentials,Breakfast Cereals,SUP018,37.37,30.25,2024-04-17
P00908,Grocery & Essentials,Household,SUP007,2.03,1.5,2024-07-10
P00909,Grocery & Essentials,Pantry,SUP021,14.35,12.0,2021-08-20
P00910,Grocery & Essentials,Coffee,SUP035,5.8,4.76,2023-06-25
P00911,Grocery & Essentials,Household,SUP034,11.19,8.59,2024-07-29
P00912,Grocery & Essentials,Pantry,SUP013,42.35,33.29,2023-08-29
P00913,Grocery & Essentials,Beverages,SUP012,25.85,20.21,2025-02-23
P00914,Grocery & Essentials,Pantry,SUP038,3.15,2.57,2022-12-20
P00915,Grocery & Essentials,Breakfast Cereals,SUP040,8.48,7.03,2024-06-26
P00916,Grocery & Essentials,Beverages,SUP034,3.08,2.56,2025-04-10
P00917,Grocery & Essentials,Pantry,SUP009,6.72,5.48,2021-05-03
P00918,Grocery & Essentials,Coffee,SUP028,4.76,3.8,2024-12-19
P00919,Grocery & Essentials,Coffee,SUP036,5.22,4.37,2023-06-12
P00920,Grocery & Essentials,Snacks,SUP034,6.39,5.09,2025-11-17
P00921,Grocery & Essentials,Breakfast Cereals,SUP001,2.14,1.78,2021-09-05
P00922,Grocery & Essentials,Snacks,SUP020,9.79,7.82,2025-06-15
P00923,Grocery & Essentials,Beverages,SUP030,5.94,5.18,2022-09-19
P00924,Grocery & Essentials,Snacks,SUP019,25.73,19.76,2025-06-08
P00925,Grocery & Essentials,Pantry,SUP040,29.87,26.51,2022-10-05
P00926,Grocery & Essentials,Breakfast Cereals,SUP002,30.54,25.42,2022-03-31
P00927,Grocery & Essentials,Coffee,SUP036,3.33,2.63,2021-06-02
P00928,Grocery & Essentials,Household,SUP039,43.9,33.02,2021-03-25
P00929,Grocery & Essentials,Pantry,SUP034,6.81,5.42,2022-09-10
P00930,Grocery & Essentials,Breakfast Cereals,SUP008,2.9,2.45,2022-03-09
P00931,Grocery & Essentials,Coffee,SUP003,15.2,12.2,2021-05-02
P00932,Grocery & Essentials,Snacks,SUP023,25.48,20.54,2022-03-06
P00933,Grocery & Essentials,Snacks,SUP033,15.55,12.1,2024-10-12
P00934,Grocery & Essentials,Snacks,SUP016,26.3,22.32,2021-09-08
P00935,Grocery & Essentials,Snacks,SUP037,2.47,2.0,2025-05-23
P00936,Grocery & Essentials,Household,SUP005,39.98,34.1,2021-01-07
P00937,Grocery & Essentials,Breakfast Cereals,SUP021,4.41,3.76,2021-11-29
P00938,Grocery & Essentials,Snacks,SUP019,36.91,30.73,2023-05-16
P00939,Grocery & Essentials,Coffee,SUP021,4.85,3.67,2021-08-03
P00940,Grocery & Essentials,Breakfast Cereals,SUP005,41.87,33.94,2024-01-04
P00941,Grocery & Essentials,Snacks,SUP014,21.77,17.53,2022-04-22
P00942,Grocery & Essentials,Beverages,SUP037,2.79,2.27,2021-04-21
P00943,Grocery & Essentials,Snacks,SUP001,2.39,1.83,2024-07-16
P00944,Grocery & Essentials,Beverages,SUP038,5.61,4.52,2021-08-30
P00945,Grocery & Essentials,Breakfast Cereals,SUP009,3.31,3.09,2023-06-17
P00946,Grocery & Essentials,Snacks,SUP038,3.75,3.28,2023-08-20
P00947,Grocery & Essentials,Coffee,SUP029,37.85,32.83,2023-04-14
P00948,Grocery & Essentials,Beverages,SUP013,22.9,19.99,2024-03-30
P00949,Grocery & Essentials,Breakfast Cereals,SUP023,2.13,1.93,2022-02-01
P00950,Grocery & Essentials,Snacks,SUP030,38.8,29.46,2024-05-23
P00951,Grocery & Essentials,Coffee,SUP008,10.36,8.16,2023-04-09
P00952,Grocery & Essentials,Snacks,SUP032,34.9,30.75,2021-09-02
P00953,Grocery & Essentials,Household,SUP036,24.57,21.88,2021-02-02
P00954,Grocery & Essentials,Household,SUP016,23.79,19.11,2023-04-20
P00955,Grocery & Essentials,Snacks,SUP014,16.51,12.47,2024-07-26
P00956,Grocery & Essentials,Household,SUP021,11.05,8.54,2024-05-17
P00957,Grocery & Essentials,Pantry,SUP035,17.98,13.87,2022-03-15
P00958,Grocery & Essentials,Household,SUP038,22.45,16.38,2025-08-18
P00959,Grocery & Essentials,Snacks,SUP013,30.12,24.31,2025-11-13
P00960,Grocery & Essentials,Pantry,SUP040,3.74,3.02,2022-12-17
P00961,Grocery & Essentials,Pantry,SUP008,5.31,4.42,2023-06-05
P00962,Grocery & Essentials,Coffee,SUP024,15.36,11.92,2021-09-16
P00963,Grocery & Essentials,Beverages,SUP014,15.06,13.19,2022-01-11
P00964,Grocery & Essentials,Household,SUP030,4.43,3.78,2021-03-28
P00965,Grocery & Essentials,Snacks,SUP029,11.7,9.67,2025-06-10
P00966,Grocery & Essentials,Beverages,SUP019,12.96,10.93,2024-01-03
P00967,Grocery & Essentials,Breakfast Cereals,SUP036,15.7,12.77,2021-08-12
P00968,Grocery & Essentials,Pantry,SUP032,19.74,14.84,2021-01-04
P00969,Grocery & Essentials,Household,SUP001,28.94,24.09,2023-04-03
P00970,Grocery & Essentials,Snacks,SUP019,2.23,1.91,2022-03-08
P00971,Grocery & Essentials,Beverages,SUP005,2.45,1.95,2023-11-09
P00972,Grocery & Essentials,Snacks,SUP031,8.93,6.83,2021-03-06
P00973,Grocery & Essentials,Coffee,SUP023,2.54,2.06,2021-11-14
P00974,Grocery & Essentials,Snacks,SUP018,2.11,1.65,2022-11-04
P00975,Grocery & Essentials,Snacks,SUP023,39.34,33.89,2022-07-08
P00976,Grocery & Essentials,Pantry,SUP018,38.79,29.56,2022-07-25
P00977,Grocery & Essentials,Snacks,SUP025,10.9,9.39,2021-01-19
P00978,Grocery & Essentials,Household,SUP006,5.53,4.5,2025-04-12
P00979,Grocery & Essentials,Breakfast Cereals,SUP005,2.68,2.32,2024-02-27
P00980,Grocery & Essentials,Coffee,SUP022,14.9,12.06,2023-03-17
P00981,Grocery & Essentials,Beverages,SUP028,21.82,15.62,2024-08-26
P00982,Grocery & Essentials,Pantry,SUP002,2.73,2.31,2021-06-26
P00983,Grocery & Essentials,Household,SUP035,2.54,2.15,2022-03-11
P00984,Grocery & Essentials,Breakfast Cereals,SUP012,11.4,9.36,2023-05-29
P00985,Grocery & Essentials,Breakfast Cereals,SUP011,4.87,4.12,2021-11-08
P00986,Grocery & Essentials,Coffee,SUP035,4.03,3.4,2023-08-26
P00987,Grocery & Essentials,Beverages,SUP010,5.21,4.56,2022-03-28
P00988,Grocery & Essentials,Household,SUP019,36.4,28.34,2021-05-16
P00989,Grocery & Essentials,Household,SUP002,42.35,34.48,2025-01-10
P00990,Grocery & Essentials,Pantry,SUP009,15.32,11.77,2025-03-29
P00991,Grocery & Essentials,Beverages,SUP039,3.97,3.32,2025-09-29
P00992,Grocery & Essentials,Breakfast Cereals,SUP037,3.93,3.15,2023-10-04
P00993,Grocery & Essentials,Snacks,SUP010,36.61,28.56,2023-09-14
P00994,Grocery & Essentials,Beverages,SUP037,2.42,2.04,2021-05-27
P00995,Grocery & Essentials,Breakfast Cereals,SUP007,10.46,8.56,2021-09-15
P00996,Grocery & Essentials,Beverages,SUP014,37.31,30.97,2021-01-26
P00997,Grocery & Essentials,Breakfast Cereals,SUP024,12.81,10.96,2023-10-05
P00998,Grocery & Essentials,Beverages,SUP033,6.83,5.4,2023-11-16
P00999,Grocery & Essentials,Coffee,SUP028,33.59,26.21,2023-08-23
P01000,Grocery & Essentials,Household,SUP033,8.04,6.88,2022-06-26
P01001,Grocery & Essentials,Snacks,SUP039,25.29,20.84,2022-11-25
P01002,Grocery & Essentials,Pantry,SUP003,2.54,2.02,2022-02-16
P01003,Grocery & Essentials,Pantry,SUP004,42.84,30.89,2024-10-06
P01004,Grocery & Essentials,Coffee,SUP036,4.71,3.8,2024-06-30
P01005,Grocery & Essentials,Snacks,SUP003,16.0,13.99,2024-10-27
P01006,Grocery & Essentials,Beverages,SUP027,7.08,6.0,2022-06-05
P01007,Grocery & Essentials,Pantry,SUP006,6.5,5.43,2024-11-16
P01008,Grocery & Essentials,Household,SUP031,24.38,19.73,2021-09-25
P01009,Grocery & Essentials,Household,SUP028,4.32,3.79,2022-02-21
P01010,Grocery & Essentials,Beverages,SUP004,2.9,2.19,2023-07-07
P01011,Grocery & Essentials,Pantry,SUP012,26.01,21.07,2021-11-13
P01012,Grocery & Essentials,Coffee,SUP035,5.74,4.87,2022-10-20
P01013,Grocery & Essentials,Coffee,SUP017,3.91,3.36,2023-12-09
P01014,Grocery & Essentials,Household,SUP018,2.16,1.73,2022-12-14
P01015,Grocery & Essentials,Coffee,SUP001,30.55,24.19,2023-08-24
P01016,Grocery & Essentials,Pantry,SUP038,25.83,21.29,2024-11-14
P01017,Grocery & Essentials,Beverages,SUP008,14.79,11.66,2022-02-11
P01018,Grocery & Essentials,Beverages,SUP002,8.36,6.71,2022-04-15
P01019,Grocery & Essentials,Breakfast Cereals,SUP031,9.18,7.11,2023-02-23
P01020,Grocery & Essentials,Breakfast Cereals,SUP009,41.35,33.48,2022-06-02
P01021,Grocery & Essentials,Snacks,SUP022,15.12,13.45,2025-04-04
P01022,Grocery & Essentials,Beverages,SUP022,2.37,1.99,2025-03-24
P01023,Grocery & Essentials,Coffee,SUP006,2.44,1.84,2025-06-16
P01024,Grocery & Essentials,Beverages,SUP016,3.44,2.77,2022-05-22
P01025,Grocery & Essentials,Snacks,SUP022,27.62,22.67,2025-06-15
P01026,Grocery & Essentials,Coffee,SUP025,6.37,4.92,2022-12-01
P01027,Grocery & Essentials,Snacks,SUP004,39.95,33.29,2021-02-18
P01028,Grocery & Essentials,Breakfast Cereals,SUP022,11.66,9.42,2021-04-20
P01029,Grocery & Essentials,Household,SUP036,37.18,33.49,2021-12-19
P01030,Grocery & Essentials,Breakfast Cereals,SUP026,29.69,23.69,2021-01-08
P01031,Grocery & Essentials,Coffee,SUP004,5.84,5.23,2021-01-26
P01032,Grocery & Essentials,Coffee,SUP018,14.5,13.22,2022-07-17
P01033,Grocery & Essentials,Beverages,SUP011,26.84,22.05,2024-09-09
P01034,Grocery & Essentials,Household,SUP018,19.04,15.54,2025-09-07
P01035,Grocery & Essentials,Snacks,SUP005,21.02,16.3,2022-09-14
P01036,Grocery & Essentials,Breakfast Cereals,SUP008,8.28,7.26,2024-04-07
P01037,Grocery & Essentials,Pantry,SUP020,16.65,13.57,2021-01-08
P01038,Grocery & Essentials,Snacks,SUP036,4.48,3.48,2021-03-03
P01039,Grocery & Essentials,Beverages,SUP019,3.73,3.14,2024-02-13
P01040,Grocery & Essentials,Breakfast Cereals,SUP029,30.29,25.31,2021-08-13
P01041,Health & Beauty,Personal Care,SUP024,82.22,49.37,2023-06-05
P01042,Health & Beauty,Wellness,SUP024,26.97,15.22,2024-02-03
P01043,Health & Beauty,Skincare,SUP024,43.0,26.7,2025-01-22
P01044,Health & Beauty,Personal Care,SUP025,42.89,26.06,2021-09-12
P01045,Health & Beauty,Wellness,SUP028,7.66,4.55,2024-09-01
P01046,Health & Beauty,Haircare,SUP009,17.22,9.47,2023-09-06
P01047,Health & Beauty,Wellness,SUP033,6.61,4.06,2023-08-04
P01048,Health & Beauty,Haircare,SUP026,15.23,8.52,2022-08-16
P01049,Health & Beauty,Skincare,SUP015,46.8,25.33,2021-07-29
P01050,Health & Beauty,Haircare,SUP011,13.16,7.74,2025-01-06
P01051,Health & Beauty,Cosmetics,SUP040,35.91,21.77,2022-01-12
P01052,Health & Beauty,Haircare,SUP023,12.9,7.49,2021-05-04
P01053,Health & Beauty,Cosmetics,SUP007,46.96,26.37,2024-11-19
P01054,Health & Beauty,Wellness,SUP003,65.14,34.35,2024-03-28
P01055,Health & Beauty,Cosmetics,SUP005,23.77,14.19,2025-01-27
P01056,Health & Beauty,Wellness,SUP040,15.3,8.53,2022-01-15
P01057,Health & Beauty,Skincare,SUP008,18.8,11.36,2025-02-15
P01058,Health & Beauty,Cosmetics,SUP033,11.7,6.58,2024-07-15
P01059,Health & Beauty,Cosmetics,SUP032,19.41,9.82,2023-05-29
P01060,Health & Beauty,Cosmetics,SUP009,31.39,18.54,2021-07-23
P01061,Health & Beauty,Skincare,SUP026,25.99,14.16,2021-01-13
P01062,Health & Beauty,Haircare,SUP033,74.9,42.46,2021-07-12
P01063,Health & Beauty,Wellness,SUP006,8.27,4.64,2022-10-12
P01064,Health & Beauty,Wellness,SUP019,78.12,43.21,2023-04-08
P01065,Health & Beauty,Wellness,SUP011,6.57,3.21,2022-06-24
P01066,Health & Beauty,Personal Care,SUP027,7.22,4.05,2022-10-13
P01067,Health & Beauty,Haircare,SUP037,45.05,28.35,2023-12-29
P01068,Health & Beauty,Wellness,SUP021,10.31,6.0,2025-01-26
P01069,Health & Beauty,Haircare,SUP033,7.86,4.52,2024-10-22
P01070,Health & Beauty,Cosmetics,SUP010,72.13,47.13,2023-03-12
P01071,Health & Beauty,Wellness,SUP021,80.77,49.14,2025-11-16
P01072,Health & Beauty,Personal Care,SUP028,78.46,47.19,2022-05-05
P01073,Health & Beauty,Personal Care,SUP001,72.57,39.44,2024-01-26
P01074,Health & Beauty,Wellness,SUP006,45.07,26.76,2024-02-10
P01075,Health & Beauty,Wellness,SUP023,30.2,16.22,2023-08-01
P01076,Health & Beauty,Cosmetics,SUP040,79.75,45.75,2022-08-01
P01077,Health & Beauty,Cosmetics,SUP003,59.81,33.89,2025-01-30
P01078,Health & Beauty,Personal Care,SUP035,18.93,10.27,2022-04-24
P01079,Health & Beauty,Haircare,SUP030,6.91,4.38,2022-01-18
P01080,Health & Beauty,Wellness,SUP027,14.96,9.18,2025-07-31
P01081,Health & Beauty,Skincare,SUP023,25.73,15.33,2021-02-22
P01082,Health & Beauty,Cosmetics,SUP035,12.12,7.16,2021-01-30
P01083,Health & Beauty,Wellness,SUP010,83.81,50.15,2023-11-12
P01084,Health & Beauty,Personal Care,SUP036,55.68,32.31,2022-09-17
P01085,Health & Beauty,Personal Care,SUP015,29.64,16.37,2021-07-29
P01086,Health & Beauty,Skincare,SUP038,27.31,16.98,2023-08-17
P01087,Health & Beauty,Cosmetics,SUP029,45.53,27.93,2023-08-26
P01088,Health & Beauty,Haircare,SUP013,10.89,6.16,2023-07-29
P01089,Health & Beauty,Personal Care,SUP004,37.02,21.16,2021-06-12
P01090,Health & Beauty,Skincare,SUP019,39.26,23.78,2022-12-01
P01091,Health & Beauty,Cosmetics,SUP019,29.02,17.87,2025-11-23
P01092,Health & Beauty,Wellness,SUP040,11.63,6.38,2021-12-05
P01093,Health & Beauty,Cosmetics,SUP027,39.46,22.17,2024-07-10
P01094,Health & Beauty,Skincare,SUP037,24.44,13.26,2025-01-04
P01095,Health & Beauty,Cosmetics,SUP035,48.65,27.67,2022-05-10
P01096,Health & Beauty,Skincare,SUP007,9.67,5.57,2025-03-28
P01097,Health & Beauty,Haircare,SUP031,12.13,7.58,2024-12-28
P01098,Health & Beauty,Haircare,SUP011,15.88,9.09,2023-05-07
P01099,Health & Beauty,Personal Care,SUP037,80.73,51.0,2025-09-09
P01100,Health & Beauty,Personal Care,SUP020,60.18,35.41,2021-02-17
P01101,Health & Beauty,Haircare,SUP024,14.7,8.22,2024-02-04
P01102,Health & Beauty,Cosmetics,SUP011,67.11,36.71,2024-12-09
P01103,Health & Beauty,Skincare,SUP039,9.41,5.35,2023-03-31
P01104,Health & Beauty,Personal Care,SUP033,83.06,45.73,2024-01-08
P01105,Health & Beauty,Skincare,SUP013,74.92,41.94,2021-03-30
P01106,Health & Beauty,Wellness,SUP006,44.31,27.31,2023-10-15
P01107,Health & Beauty,Wellness,SUP032,58.39,32.98,2023-11-05
P01108,Health & Beauty,Haircare,SUP017,7.95,4.31,2023-02-18
P01109,Health & Beauty,Personal Care,SUP028,6.3,3.49,2021-02-11
P01110,Health & Beauty,Haircare,SUP023,63.54,35.98,2025-11-30
P01111,Health & Beauty,Haircare,SUP007,18.43,11.12,2024-08-15
P01112,Health & Beauty,Cosmetics,SUP007,7.76,4.64,2025-08-27
P01113,Health & Beauty,Cosmetics,SUP014,6.86,3.44,2021-08-22
P01114,Health & Beauty,Haircare,SUP002,29.82,18.66,2023-12-25
P01115,Health & Beauty,Personal Care,SUP016,33.01,17.51,2021-12-10
P01116,Health & Beauty,Haircare,SUP037,55.68,33.19,2024-09-30
P01117,Health & Beauty,Haircare,SUP006,8.6,4.68,2021-01-05
P01118,Health & Beauty,Wellness,SUP013,7.89,4.36,2022-03-26
P01119,Health & Beauty,Haircare,SUP030,50.47,25.3,2021-06-09
P01120,Health & Beauty,Cosmetics,SUP012,39.81,21.64,2021-04-09
P01121,Health & Beauty,Wellness,SUP018,7.12,4.43,2023-08-02
P01122,Health & Beauty,Cosmetics,SUP011,60.64,38.73,2024-11-02
P01123,Health & Beauty,Wellness,SUP028,6.29,3.74,2023-12-21
P01124,Health & Beauty,Skincare,SUP036,47.01,27.35,2023-04-12
P01125,Health & Beauty,Haircare,SUP005,64.89,31.28,2022-07-01
P01126,Health & Beauty,Wellness,SUP025,65.71,41.1,2021-07-29
P01127,Health & Beauty,Wellness,SUP014,55.12,30.72,2021-05-30
P01128,Health & Beauty,Wellness,SUP036,7.75,4.66,2024-07-05
P01129,Health & Beauty,Wellness,SUP011,23.41,15.11,2025-09-18
P01130,Health & Beauty,Wellness,SUP023,49.65,29.79,2021-07-13
P01131,Health & Beauty,Personal Care,SUP002,6.37,3.28,2021-07-28
P01132,Health & Beauty,Personal Care,SUP036,21.77,11.6,2021-05-12
P01133,Health & Beauty,Cosmetics,SUP019,33.43,17.89,2021-10-30
P01134,Health & Beauty,Wellness,SUP017,16.85,9.14,2024-11-25
P01135,Health & Beauty,Cosmetics,SUP010,38.3,20.44,2022-04-05
P01136,Health & Beauty,Skincare,SUP032,18.12,10.01,2025-05-27
P01137,Health & Beauty,Wellness,SUP020,38.84,23.62,2021-05-06
P01138,Health & Beauty,Personal Care,SUP018,29.74,19.53,2024-04-28
P01139,Health & Beauty,Cosmetics,SUP023,14.22,9.13,2025-11-09
P01140,Health & Beauty,Haircare,SUP004,25.14,14.75,2025-07-31
P01141,Health & Beauty,Skincare,SUP037,18.53,10.52,2022-04-19
P01142,Health & Beauty,Cosmetics,SUP013,27.48,14.02,2022-02-21
P01143,Health & Beauty,Personal Care,SUP009,80.46,43.33,2022-08-26
P01144,Health & Beauty,Haircare,SUP034,79.75,48.51,2025-01-13
P01145,Health & Beauty,Cosmetics,SUP019,9.1,5.69,2024-04-28
P01146,Health & Beauty,Skincare,SUP015,28.93,17.56,2023-12-04
P01147,Health & Beauty,Haircare,SUP021,77.98,43.96,2024-01-19
P01148,Health & Beauty,Cosmetics,SUP005,32.17,20.1,2024-03-03
P01149,Health & Beauty,Cosmetics,SUP021,45.8,28.23,2021-06-17
P01150,Health & Beauty,Skincare,SUP024,14.0,7.15,2021-07-24
P01151,Health & Beauty,Haircare,SUP032,36.4,21.97,2024-09-21
P01152,Health & Beauty,Personal Care,SUP032,30.91,18.86,2025-02-10
P01153,Health & Beauty,Cosmetics,SUP025,14.61,8.38,2025-10-24
P01154,Health & Beauty,Wellness,SUP004,8.05,4.33,2025-03-18
P01155,Health & Beauty,Cosmetics,SUP013,83.87,47.96,2024-09-20
P01156,Health & Beauty,Wellness,SUP037,6.59,3.74,2022-08-04
P01157,Health & Beauty,Cosmetics,SUP013,25.35,13.0,2022-04-27
P01158,Health & Beauty,Haircare,SUP011,7.89,4.26,2021-08-27
P01159,Health & Beauty,Skincare,SUP010,48.2,29.04,2024-10-05
P01160,Health & Beauty,Wellness,SUP030,61.99,33.91,2022-02-22
P01161,Health & Beauty,Haircare,SUP026,51.53,26.5,2022-11-17
P01162,Health & Beauty,Cosmetics,SUP008,16.39,8.9,2021-11-27
P01163,Health & Beauty,Haircare,SUP014,10.97,5.9,2022-08-10
P01164,Health & Beauty,Skincare,SUP038,16.41,10.67,2024-06-13
P01165,Health & Beauty,Haircare,SUP030,77.97,42.71,2024-01-15
P01166,Health & Beauty,Wellness,SUP022,10.2,5.67,2022-02-23
P01167,Health & Beauty,Skincare,SUP037,45.25,26.15,2023-11-28
P01168,Health & Beauty,Haircare,SUP038,10.51,5.79,2022-02-01
P01169,Health & Beauty,Wellness,SUP038,7.59,4.33,2022-02-21
P01170,Health & Beauty,Skincare,SUP015,13.36,7.06,2025-05-28
P01171,Health & Beauty,Cosmetics,SUP027,77.8,49.88,2025-06-19
P01172,Health & Beauty,Cosmetics,SUP025,6.62,3.76,2024-10-11
P01173,Health & Beauty,Cosmetics,SUP028,10.56,5.44,2024-07-26
P01174,Health & Beauty,Wellness,SUP015,11.34,6.49,2021-03-31
P01175,Health & Beauty,Cosmetics,SUP036,65.94,40.8,2022-05-15
P01176,Health & Beauty,Wellness,SUP020,70.52,39.31,2021-04-21
P01177,Health & Beauty,Haircare,SUP030,24.46,16.7,2025-07-06
P01178,Health & Beauty,Cosmetics,SUP012,33.28,19.11,2023-05-21
P01179,Health & Beauty,Skincare,SUP029,18.07,9.75,2023-10-14
P01180,Health & Beauty,Wellness,SUP022,14.35,7.97,2021-11-02
P01181,Health & Beauty,Personal Care,SUP028,23.83,13.65,2024-09-05
P01182,Health & Beauty,Haircare,SUP030,59.4,32.97,2023-05-12
P01183,Health & Beauty,Haircare,SUP011,14.53,8.78,2023-05-21
P01184,Health & Beauty,Cosmetics,SUP016,61.93,37.43,2025-10-13
P01185,Health & Beauty,Skincare,SUP014,86.77,52.74,2022-05-14
P01186,Health & Beauty,Haircare,SUP012,23.85,11.66,2023-10-09
P01187,Health & Beauty,Skincare,SUP016,67.1,40.17,2023-01-03
P01188,Health & Beauty,Skincare,SUP035,17.57,10.78,2022-02-05
P01189,Health & Beauty,Haircare,SUP038,26.03,16.12,2021-12-23
P01190,Health & Beauty,Personal Care,SUP024,9.97,6.41,2022-10-01
P01191,Health & Beauty,Personal Care,SUP017,46.06,29.28,2024-11-20
P01192,Health & Beauty,Personal Care,SUP037,57.13,36.11,2024-08-19
P01193,Health & Beauty,Wellness,SUP036,39.08,19.95,2025-07-21
P01194,Health & Beauty,Skincare,SUP006,28.73,14.88,2021-07-08
P01195,Health & Beauty,Haircare,SUP007,81.06,45.21,2024-11-04
P01196,Health & Beauty,Wellness,SUP031,7.68,4.33,2025-04-09
P01197,Health & Beauty,Personal Care,SUP032,16.64,9.55,2025-01-25
P01198,Health & Beauty,Haircare,SUP008,21.26,12.91,2022-04-27
P01199,Health & Beauty,Haircare,SUP036,72.55,44.58,2021-12-29
P01200,Health & Beauty,Skincare,SUP014,29.06,18.16,2023-04-03
